t_wallclock,action
1786611670.794200,still_30s
1786611671.028945,still_30s
1786611671.102295,still_30s
1786611671.186180,still_30s
1786611671.303277,still_30s
1786611671.389361,still_30s
1786611671.488443,still_30s
1786611671.568095,still_30s
1786611671.670603,still_30s
1786611671.750788,still_30s
1786611671.853415,still_30s
1786611671.943517,still_30s
1786611672.021421,still_30s
1786611672.122380,still_30s
1786611672.212343,still_30s
1786611672.303662,still_30s
1786611672.383211,still_30s
1786611672.471074,still_30s
1786611672.559702,still_30s
1786611672.649561,still_30s
1786611672.738281,still_30s
1786611672.830046,still_30s
1786611672.919851,still_30s
1786611673.006482,still_30s
1786611673.094615,still_30s
1786611673.183757,still_30s
1786611673.275369,still_30s
1786611673.352090,still_30s
1786611673.442543,still_30s
1786611673.533665,still_30s
1786611673.625881,still_30s
1786611673.716374,still_30s
1786611673.805493,still_30s
1786611673.880982,still_30s
1786611673.970504,still_30s
1786611674.058832,still_30s
1786611674.149803,still_30s
1786611674.239832,still_30s
1786611674.326495,still_30s
1786611674.406571,still_30s
1786611674.493143,still_30s
1786611674.580880,still_30s
1786611674.671142,still_30s
1786611674.762384,still_30s
1786611674.850881,still_30s
1786611674.939457,still_30s
1786611675.026695,still_30s
1786611675.116075,still_30s
1786611675.204514,still_30s
1786611675.295740,still_30s
1786611675.383872,still_30s
1786611675.461461,still_30s
1786611675.550470,still_30s
1786611675.640653,still_30s
1786611675.731109,still_30s
1786611675.820719,still_30s
1786611675.916215,still_30s
1786611675.993269,still_30s
1786611676.083391,still_30s
1786611676.172891,still_30s
1786611676.264465,still_30s
1786611676.356124,still_30s
1786611676.445514,still_30s
1786611676.536240,still_30s
1786611676.621834,still_30s
1786611676.715439,still_30s
1786611676.792141,still_30s
1786611676.880830,still_30s
1786611676.972681,still_30s
1786611677.074114,still_30s
1786611677.153336,still_30s
1786611677.243321,still_30s
1786611677.331083,still_30s
1786611677.421804,still_30s
1786611677.507177,still_30s
1786611677.597598,still_30s
1786611677.687214,still_30s
1786611677.776359,still_30s
1786611677.865478,still_30s
1786611677.955908,still_30s
1786611678.045143,still_30s
1786611678.133021,still_30s
1786611678.218059,still_30s
1786611678.305004,still_30s
1786611678.394048,still_30s
1786611678.477907,still_30s
1786611678.576851,still_30s
1786611678.655921,still_30s
1786611678.757092,still_30s
1786611678.847561,still_30s
1786611678.936081,still_30s
1786611679.025079,still_30s
1786611679.105329,still_30s
1786611679.207117,still_30s
1786611679.298412,still_30s
1786611679.390514,still_30s
1786611679.480569,still_30s
1786611679.554795,still_30s
1786611679.643149,still_30s
1786611679.734352,still_30s
1786611679.827057,still_30s
1786611679.915599,still_30s
1786611680.004401,still_30s
1786611680.093831,still_30s
1786611680.184399,still_30s
1786611680.273644,still_30s
1786611680.365651,still_30s
1786611680.452395,still_30s
1786611680.543032,still_30s
1786611680.633060,still_30s
1786611680.721506,still_30s
1786611680.811763,still_30s
1786611680.897880,still_30s
1786611680.988129,still_30s
1786611681.076332,still_30s
1786611681.164108,still_30s
1786611681.255115,still_30s
1786611681.346104,still_30s
1786611681.446978,still_30s
1786611681.525809,still_30s
1786611681.615940,still_30s
1786611681.701530,still_30s
1786611681.789775,still_30s
1786611681.878712,still_30s
1786611681.968082,still_30s
1786611682.046513,still_30s
1786611682.146475,still_30s
1786611682.238520,still_30s
1786611682.329828,still_30s
1786611682.417687,still_30s
1786611682.498399,still_30s
1786611682.601356,still_30s
1786611682.680517,still_30s
1786611682.770005,still_30s
1786611682.859727,still_30s
1786611682.949176,still_30s
1786611683.048533,still_30s
1786611683.138086,still_30s
1786611683.226973,still_30s
1786611683.304951,still_30s
1786611683.394933,still_30s
1786611683.484737,still_30s
1786611683.586047,still_30s
1786611683.665826,still_30s
1786611683.756625,still_30s
1786611683.859253,still_30s
1786611683.949511,still_30s
1786611684.030345,still_30s
1786611684.118892,still_30s
1786611684.206666,still_30s
1786611684.294316,still_30s
1786611684.384879,still_30s
1786611684.473778,still_30s
1786611684.561109,still_30s
1786611684.653815,still_30s
1786611684.743519,still_30s
1786611684.831889,still_30s
1786611684.918941,still_30s
1786611685.010173,still_30s
1786611685.099837,still_30s
1786611685.189107,still_30s
1786611685.279372,still_30s
1786611685.369395,still_30s
1786611685.457735,still_30s
1786611685.536256,still_30s
1786611685.635056,still_30s
1786611685.715046,still_30s
1786611685.804555,still_30s
1786611685.890590,still_30s
1786611685.980628,still_30s
1786611686.071034,still_30s
1786611686.162066,still_30s
1786611686.254356,still_30s
1786611686.344729,still_30s
1786611686.423158,still_30s
1786611686.511806,still_30s
1786611686.599793,still_30s
1786611686.688561,still_30s
1786611686.779442,still_30s
1786611686.868615,still_30s
1786611686.958595,still_30s
1786611687.037588,still_30s
1786611687.125838,still_30s
1786611687.213879,still_30s
1786611687.301721,still_30s
1786611687.391954,still_30s
1786611687.483110,still_30s
1786611687.562778,still_30s
1786611687.648944,still_30s
1786611687.739329,still_30s
1786611687.830506,still_30s
1786611687.919400,still_30s
1786611688.009085,still_30s
1786611688.099158,still_30s
1786611688.189768,still_30s
1786611688.268606,still_30s
1786611688.358270,still_30s
1786611688.446020,still_30s
1786611688.534865,still_30s
1786611688.624464,still_30s
1786611688.714368,still_30s
1786611688.802126,still_30s
1786611688.881054,still_30s
1786611688.969891,still_30s
1786611689.057261,still_30s
1786611689.144436,still_30s
1786611689.236824,still_30s
1786611689.323423,still_30s
1786611689.413760,still_30s
1786611689.505244,still_30s
1786611689.592616,still_30s
1786611689.683163,still_30s
1786611689.772888,still_30s
1786611689.846607,still_30s
1786611689.938167,still_30s
1786611690.029689,still_30s
1786611690.117461,still_30s
1786611690.208476,still_30s
1786611690.297517,still_30s
1786611690.371210,still_30s
1786611690.457330,still_30s
1786611690.545307,still_30s
1786611690.634921,still_30s
1786611690.722218,still_30s
1786611690.811895,still_30s
1786611690.890561,still_30s
1786611691.022882,still_30s
1786611691.103720,still_30s
1786611691.190700,still_30s
1786611691.283293,still_30s
1786611691.375002,still_30s
1786611691.466433,still_30s
1786611691.556142,still_30s
1786611691.646221,still_30s
1786611691.732466,still_30s
1786611691.821721,still_30s
1786611691.908063,still_30s
1786611691.999514,still_30s
1786611692.077549,still_30s
1786611692.167284,still_30s
1786611692.257218,still_30s
1786611692.346045,still_30s
1786611692.435227,still_30s
1786611692.520156,still_30s
1786611692.609778,still_30s
1786611692.698676,still_30s
1786611692.787274,still_30s
1786611692.876993,still_30s
1786611692.966886,still_30s
1786611693.057663,still_30s
1786611693.147238,still_30s
1786611693.232779,still_30s
1786611693.322575,still_30s
1786611693.413760,still_30s
1786611693.490768,still_30s
1786611693.580640,still_30s
1786611693.671765,still_30s
1786611693.763380,still_30s
1786611693.853807,still_30s
1786611693.942551,still_30s
1786611694.024251,still_30s
1786611694.112185,still_30s
1786611694.200174,still_30s
1786611694.290617,still_30s
1786611694.382070,still_30s
1786611694.466483,still_30s
1786611694.554506,still_30s
1786611694.634379,still_30s
1786611694.722155,still_30s
1786611694.811092,still_30s
1786611694.899434,still_30s
1786611694.990873,still_30s
1786611695.081384,still_30s
1786611695.166248,still_30s
1786611695.252217,still_30s
1786611695.338408,still_30s
1786611695.427977,still_30s
1786611695.514009,still_30s
1786611695.591559,still_30s
1786611695.683618,still_30s
1786611695.771630,still_30s
1786611695.861789,still_30s
1786611695.948089,still_30s
1786611696.027964,still_30s
1786611696.117369,still_30s
1786611696.208797,still_30s
1786611696.294746,still_30s
1786611696.382031,still_30s
1786611696.471956,still_30s
1786611696.561108,still_30s
1786611696.651918,still_30s
1786611696.743666,still_30s
1786611696.823327,still_30s
1786611696.911280,still_30s
1786611697.003077,still_30s
1786611697.091516,still_30s
1786611697.180792,still_30s
1786611697.269832,still_30s
1786611697.360891,still_30s
1786611697.437115,still_30s
1786611697.525759,still_30s
1786611697.614610,still_30s
1786611697.706070,still_30s
1786611697.792064,still_30s
1786611697.883617,still_30s
1786611697.972262,still_30s
1786611698.061529,still_30s
1786611698.141636,still_30s
1786611698.243038,still_30s
1786611698.319593,still_30s
1786611698.409607,still_30s
1786611698.498474,still_30s
1786611698.586050,still_30s
1786611698.673572,still_30s
1786611698.763085,still_30s
1786611698.840211,still_30s
1786611698.929554,still_30s
1786611699.033693,still_30s
1786611699.111580,still_30s
1786611699.202424,still_30s
1786611699.290387,still_30s
1786611699.382543,still_30s
1786611699.468983,still_30s
1786611699.558902,still_30s
1786611699.647138,still_30s
1786611699.737911,still_30s
1786611699.816970,still_30s
1786611699.906961,still_30s
1786611699.995026,still_30s
1786611700.084763,still_30s
1786611700.174883,still_30s
1786611700.263946,still_30s
1786611700.340960,still_30s
1786611700.431501,still_30s
1786611700.519371,still_30s
1786611700.610784,still_30s
1786611700.701217,still_30s
1786611706.004437,slow_sweep
1786611706.105100,slow_sweep
1786611706.189201,slow_sweep
1786611706.264431,slow_sweep
1786611706.350268,slow_sweep
1786611706.443391,slow_sweep
1786611706.533624,slow_sweep
1786611706.625037,slow_sweep
1786611706.715190,slow_sweep
1786611706.794863,slow_sweep
1786611706.886140,slow_sweep
1786611706.975635,slow_sweep
1786611707.062175,slow_sweep
1786611707.151633,slow_sweep
1786611707.237674,slow_sweep
1786611707.339890,slow_sweep
1786611707.432266,slow_sweep
1786611707.521454,slow_sweep
1786611707.610274,slow_sweep
1786611707.696371,slow_sweep
1786611707.787783,slow_sweep
1786611707.877882,slow_sweep
1786611707.967268,slow_sweep
1786611708.055630,slow_sweep
1786611708.144670,slow_sweep
1786611708.233847,slow_sweep
1786611708.322290,slow_sweep
1786611708.412045,slow_sweep
1786611708.502370,slow_sweep
1786611708.593330,slow_sweep
1786611708.683483,slow_sweep
1786611708.761228,slow_sweep
1786611708.851668,slow_sweep
1786611708.943110,slow_sweep
1786611709.033998,slow_sweep
1786611709.121704,slow_sweep
1786611709.211203,slow_sweep
1786611709.303728,slow_sweep
1786611709.394625,slow_sweep
1786611709.497619,slow_sweep
1786611709.588587,slow_sweep
1786611709.678221,slow_sweep
1786611709.766542,slow_sweep
1786611709.856136,slow_sweep
1786611709.957853,slow_sweep
1786611710.048671,slow_sweep
1786611710.138936,slow_sweep
1786611710.239825,slow_sweep
1786611710.330719,slow_sweep
1786611710.419342,slow_sweep
1786611710.510886,slow_sweep
1786611710.600411,slow_sweep
1786611710.700330,slow_sweep
1786611710.790598,slow_sweep
1786611710.878939,slow_sweep
1786611710.970318,slow_sweep
1786611711.059008,slow_sweep
1786611711.145915,slow_sweep
1786611711.235002,slow_sweep
1786611711.324202,slow_sweep
1786611711.412365,slow_sweep
1786611711.503467,slow_sweep
1786611711.595382,slow_sweep
1786611711.682737,slow_sweep
1786611711.772264,slow_sweep
1786611711.860678,slow_sweep
1786611711.953597,slow_sweep
1786611712.032153,slow_sweep
1786611712.120862,slow_sweep
1786611712.211426,slow_sweep
1786611712.287993,slow_sweep
1786611712.377477,slow_sweep
1786611712.452425,slow_sweep
1786611712.544667,slow_sweep
1786611712.636492,slow_sweep
1786611712.715441,slow_sweep
1786611712.802253,slow_sweep
1786611712.880356,slow_sweep
1786611712.972634,slow_sweep
1786611713.062901,slow_sweep
1786611713.152719,slow_sweep
1786611713.229102,slow_sweep
1786611713.320755,slow_sweep
1786611713.412519,slow_sweep
1786611713.492504,slow_sweep
1786611713.578913,slow_sweep
1786611713.670337,slow_sweep
1786611713.761618,slow_sweep
1786611713.837453,slow_sweep
1786611713.925164,slow_sweep
1786611714.014795,slow_sweep
1786611714.109633,slow_sweep
1786611714.199102,slow_sweep
1786611714.287262,slow_sweep
1786611714.377677,slow_sweep
1786611714.462415,slow_sweep
1786611714.550429,slow_sweep
1786611714.641282,slow_sweep
1786611714.730806,slow_sweep
1786611714.820939,slow_sweep
1786611714.899684,slow_sweep
1786611714.991090,slow_sweep
1786611715.081191,slow_sweep
1786611715.170955,slow_sweep
1786611715.261274,slow_sweep
1786611715.338870,slow_sweep
1786611715.430025,slow_sweep
1786611715.508050,slow_sweep
1786611715.595126,slow_sweep
1786611715.676877,slow_sweep
1786611715.767476,slow_sweep
1786611715.857618,slow_sweep
1786611715.946532,slow_sweep
1786611716.024636,slow_sweep
1786611716.110576,slow_sweep
1786611716.202413,slow_sweep
1786611716.284353,slow_sweep
1786611716.374113,slow_sweep
1786611716.463176,slow_sweep
1786611716.554102,slow_sweep
1786611716.645375,slow_sweep
1786611716.736119,slow_sweep
1786611716.814611,slow_sweep
1786611716.903501,slow_sweep
1786611716.989982,slow_sweep
1786611717.079838,slow_sweep
1786611717.168377,slow_sweep
1786611717.270940,slow_sweep
1786611717.359904,slow_sweep
1786611717.451850,slow_sweep
1786611717.537790,slow_sweep
1786611717.626740,slow_sweep
1786611717.715457,slow_sweep
1786611717.801974,slow_sweep
1786611717.887409,slow_sweep
1786611717.972942,slow_sweep
1786611718.063811,slow_sweep
1786611718.144617,slow_sweep
1786611718.233239,slow_sweep
1786611718.309290,slow_sweep
1786611718.398637,slow_sweep
1786611718.487635,slow_sweep
1786611718.578521,slow_sweep
1786611718.657455,slow_sweep
1786611718.748650,slow_sweep
1786611718.828611,slow_sweep
1786611718.918638,slow_sweep
1786611719.008500,slow_sweep
1786611719.100132,slow_sweep
1786611719.177884,slow_sweep
1786611719.253502,slow_sweep
1786611719.343666,slow_sweep
1786611719.423336,slow_sweep
1786611719.513685,slow_sweep
1786611719.591532,slow_sweep
1786611719.681772,slow_sweep
1786611719.772112,slow_sweep
1786611719.860118,slow_sweep
1786611719.939116,slow_sweep
1786611720.031155,slow_sweep
1786611720.120838,slow_sweep
1786611720.208597,slow_sweep
1786611720.294725,slow_sweep
1786611720.378441,slow_sweep
1786611720.466143,slow_sweep
1786611720.555374,slow_sweep
1786611720.647770,slow_sweep
1786611720.739961,slow_sweep
1786611720.828365,slow_sweep
1786611720.919811,slow_sweep
1786611720.998871,slow_sweep
1786611721.090254,slow_sweep
1786611721.181051,slow_sweep
1786611721.258029,slow_sweep
1786611721.348624,slow_sweep
1786611721.426718,slow_sweep
1786611721.521140,slow_sweep
1786611721.600674,slow_sweep
1786611721.690945,slow_sweep
1786611721.777039,slow_sweep
1786611721.869725,slow_sweep
1786611721.947663,slow_sweep
1786611722.036748,slow_sweep
1786611722.127450,slow_sweep
1786611722.207245,slow_sweep
1786611722.296596,slow_sweep
1786611722.384378,slow_sweep
1786611722.475015,slow_sweep
1786611722.563173,slow_sweep
1786611722.654745,slow_sweep
1786611722.744045,slow_sweep
1786611722.824725,slow_sweep
1786611722.915213,slow_sweep
1786611723.007296,slow_sweep
1786611723.096638,slow_sweep
1786611723.186981,slow_sweep
1786611723.273731,slow_sweep
1786611723.363673,slow_sweep
1786611723.453119,slow_sweep
1786611723.551318,slow_sweep
1786611723.643886,slow_sweep
1786611723.733105,slow_sweep
1786611723.820635,slow_sweep
1786611723.910306,slow_sweep
1786611723.989208,slow_sweep
1786611724.075750,slow_sweep
1786611724.153284,slow_sweep
1786611724.243583,slow_sweep
1786611724.334648,slow_sweep
1786611724.425137,slow_sweep
1786611724.505118,slow_sweep
1786611724.583151,slow_sweep
1786611724.673113,slow_sweep
1786611724.751051,slow_sweep
1786611724.838225,slow_sweep
1786611724.916258,slow_sweep
1786611725.007534,slow_sweep
1786611725.086204,slow_sweep
1786611725.177523,slow_sweep
1786611725.268824,slow_sweep
1786611725.347669,slow_sweep
1786611725.434359,slow_sweep
1786611725.526023,slow_sweep
1786611725.618142,slow_sweep
1786611725.697188,slow_sweep
1786611725.787088,slow_sweep
1786611725.879135,slow_sweep
1786611731.191698,quick_points
1786611731.267015,quick_points
1786611731.369474,quick_points
1786611731.446644,quick_points
1786611731.546830,quick_points
1786611731.636960,quick_points
1786611731.723819,quick_points
1786611731.812109,quick_points
1786611731.900636,quick_points
1786611731.983199,quick_points
1786611732.074660,quick_points
1786611732.162319,quick_points
1786611732.250231,quick_points
1786611732.339213,quick_points
1786611732.432009,quick_points
1786611732.518899,quick_points
1786611732.610656,quick_points
1786611732.696583,quick_points
1786611732.781409,quick_points
1786611732.868372,quick_points
1786611732.959283,quick_points
1786611733.050422,quick_points
1786611733.129698,quick_points
1786611733.216545,quick_points
1786611733.306099,quick_points
1786611733.397527,quick_points
1786611733.486926,quick_points
1786611733.577266,quick_points
1786611733.655958,quick_points
1786611733.744970,quick_points
1786611733.835908,quick_points
1786611733.924048,quick_points
1786611734.013513,quick_points
1786611734.114723,quick_points
1786611734.205376,quick_points
1786611734.297273,quick_points
1786611734.396317,quick_points
1786611734.485481,quick_points
1786611734.587957,quick_points
1786611734.678255,quick_points
1786611734.754986,quick_points
1786611734.844851,quick_points
1786611734.935910,quick_points
1786611735.022921,quick_points
1786611735.110057,quick_points
1786611735.188249,quick_points
1786611735.278528,quick_points
1786611735.356754,quick_points
1786611735.449993,quick_points
1786611735.528625,quick_points
1786611735.617877,quick_points
1786611735.709229,quick_points
1786611735.799950,quick_points
1786611735.887941,quick_points
1786611735.977268,quick_points
1786611736.065881,quick_points
1786611736.157752,quick_points
1786611736.246545,quick_points
1786611736.337108,quick_points
1786611736.427923,quick_points
1786611736.519503,quick_points
1786611736.621728,quick_points
1786611736.697618,quick_points
1786611736.786215,quick_points
1786611736.860719,quick_points
1786611736.935135,quick_points
1786611737.018970,quick_points
1786611737.107818,quick_points
1786611737.195461,quick_points
1786611737.274297,quick_points
1786611737.364888,quick_points
1786611737.455506,quick_points
1786611737.533788,quick_points
1786611737.623623,quick_points
1786611737.713323,quick_points
1786611737.803561,quick_points
1786611737.893003,quick_points
1786611737.982682,quick_points
1786611738.074867,quick_points
1786611738.153592,quick_points
1786611738.252038,quick_points
1786611738.342453,quick_points
1786611738.421675,quick_points
1786611738.510331,quick_points
1786611738.589836,quick_points
1786611738.680677,quick_points
1786611738.760300,quick_points
1786611738.851489,quick_points
1786611738.942177,quick_points
1786611739.033856,quick_points
1786611739.122079,quick_points
1786611739.202680,quick_points
1786611739.292383,quick_points
1786611739.381349,quick_points
1786611739.472086,quick_points
1786611739.560471,quick_points
1786611739.646099,quick_points
1786611739.734753,quick_points
1786611739.827181,quick_points
1786611739.905645,quick_points
1786611739.995145,quick_points
1786611740.088414,quick_points
1786611740.175768,quick_points
1786611740.263766,quick_points
1786611740.342618,quick_points
1786611740.434456,quick_points
1786611740.525098,quick_points
1786611740.613716,quick_points
1786611740.714288,quick_points
1786611740.807302,quick_points
1786611740.898047,quick_points
1786611741.000833,quick_points
1786611741.090526,quick_points
1786611741.192339,quick_points
1786611741.281980,quick_points
1786611741.382468,quick_points
1786611741.472582,quick_points
1786611741.557374,quick_points
1786611741.644476,quick_points
1786611741.732093,quick_points
1786611741.823083,quick_points
1786611741.903434,quick_points
1786611741.995708,quick_points
1786611742.088006,quick_points
1786611742.167943,quick_points
1786611742.256317,quick_points
1786611742.346409,quick_points
1786611742.434122,quick_points
1786611742.520884,quick_points
1786611742.609949,quick_points
1786611742.696392,quick_points
1786611742.787240,quick_points
1786611742.877971,quick_points
1786611742.969125,quick_points
1786611743.057994,quick_points
1786611743.138398,quick_points
1786611743.217754,quick_points
1786611743.307469,quick_points
1786611743.387291,quick_points
1786611743.479165,quick_points
1786611743.558749,quick_points
1786611743.646663,quick_points
1786611743.736970,quick_points
1786611743.818592,quick_points
1786611743.907458,quick_points
1786611744.010736,quick_points
1786611744.085507,quick_points
1786611744.177058,quick_points
1786611744.266423,quick_points
1786611744.357008,quick_points
1786611744.445255,quick_points
1786611744.522981,quick_points
1786611744.610886,quick_points
1786611744.691262,quick_points
1786611744.779678,quick_points
1786611744.861124,quick_points
1786611744.952038,quick_points
1786611745.038271,quick_points
1786611745.128238,quick_points
1786611745.219435,quick_points
1786611745.310300,quick_points
1786611745.398212,quick_points
1786611745.487729,quick_points
1786611745.566400,quick_points
1786611745.658315,quick_points
1786611745.745656,quick_points
1786611745.834950,quick_points
1786611745.924166,quick_points
1786611746.014239,quick_points
1786611746.096050,quick_points
1786611746.185455,quick_points
1786611746.274527,quick_points
1786611746.366886,quick_points
1786611746.447183,quick_points
1786611746.538741,quick_points
1786611746.629179,quick_points
1786611746.721276,quick_points
1786611746.811480,quick_points
1786611746.913911,quick_points
1786611747.003411,quick_points
1786611747.092329,quick_points
1786611747.182332,quick_points
1786611747.272586,quick_points
1786611747.375284,quick_points
1786611747.455848,quick_points
1786611747.541637,quick_points
1786611747.624836,quick_points
1786611747.712871,quick_points
1786611747.791279,quick_points
1786611747.881300,quick_points
1786611747.971813,quick_points
1786611748.048745,quick_points
1786611748.140930,quick_points
1786611748.231653,quick_points
1786611748.317701,quick_points
1786611748.394423,quick_points
1786611748.483207,quick_points
1786611748.570038,quick_points
1786611748.659703,quick_points
1786611748.749384,quick_points
1786611748.827091,quick_points
1786611748.915554,quick_points
1786611749.003105,quick_points
1786611749.081307,quick_points
1786611749.161870,quick_points
1786611749.240989,quick_points
1786611749.329703,quick_points
1786611749.420936,quick_points
1786611749.500098,quick_points
1786611749.587406,quick_points
1786611749.677274,quick_points
1786611749.769819,quick_points
1786611749.858880,quick_points
1786611749.948859,quick_points
1786611750.040391,quick_points
1786611750.127162,quick_points
1786611750.205023,quick_points
1786611750.283003,quick_points
1786611750.368140,quick_points
1786611750.458198,quick_points
1786611750.535122,quick_points
1786611750.622391,quick_points
1786611750.713425,quick_points
1786611750.793131,quick_points
1786611750.879952,quick_points
1786611750.971594,quick_points
1786611751.059059,quick_points
1786611751.150703,quick_points
1786611756.451159,ellipse
1786611756.541645,ellipse
1786611756.621984,ellipse
1786611756.711352,ellipse
1786611756.802042,ellipse
1786611756.889791,ellipse
1786611756.976094,ellipse
1786611757.056796,ellipse
1786611757.148506,ellipse
1786611757.238668,ellipse
1786611757.329335,ellipse
1786611757.404818,ellipse
1786611757.494896,ellipse
1786611757.585621,ellipse
1786611757.675920,ellipse
1786611757.764153,ellipse
1786611757.855258,ellipse
1786611757.943950,ellipse
1786611758.033106,ellipse
1786611758.124676,ellipse
1786611758.212277,ellipse
1786611758.297326,ellipse
1786611758.384670,ellipse
1786611758.475791,ellipse
1786611758.561723,ellipse
1786611758.651883,ellipse
1786611758.725718,ellipse
1786611758.816266,ellipse
1786611758.907416,ellipse
1786611758.988807,ellipse
1786611759.077448,ellipse
1786611759.166971,ellipse
1786611759.244788,ellipse
1786611759.336597,ellipse
1786611759.415977,ellipse
1786611759.502098,ellipse
1786611759.592200,ellipse
1786611759.670615,ellipse
1786611759.757813,ellipse
1786611759.849354,ellipse
1786611759.938204,ellipse
1786611760.014236,ellipse
1786611760.087176,ellipse
1786611760.176682,ellipse
1786611760.255932,ellipse
1786611760.334327,ellipse
1786611760.412892,ellipse
1786611760.495659,ellipse
1786611760.562861,ellipse
1786611760.642903,ellipse
1786611760.718732,ellipse
1786611760.809172,ellipse
1786611760.874112,ellipse
1786611760.951208,ellipse
1786611761.031659,ellipse
1786611761.110647,ellipse
1786611761.190641,ellipse
1786611761.269176,ellipse
1786611761.359495,ellipse
1786611761.438221,ellipse
1786611761.530922,ellipse
1786611761.609743,ellipse
1786611761.700325,ellipse
1786611761.790557,ellipse
1786611761.870807,ellipse
1786611761.962076,ellipse
1786611762.053976,ellipse
1786611762.130894,ellipse
1786611762.224111,ellipse
1786611762.302913,ellipse
1786611762.390751,ellipse
1786611762.483152,ellipse
1786611762.575021,ellipse
1786611762.665098,ellipse
1786611762.752524,ellipse
1786611762.838997,ellipse
1786611762.931463,ellipse
1786611763.021862,ellipse
1786611763.111548,ellipse
1786611763.189929,ellipse
1786611763.286349,ellipse
1786611763.376729,ellipse
1786611763.468242,ellipse
1786611763.557597,ellipse
1786611763.638803,ellipse
1786611763.727766,ellipse
1786611763.813207,ellipse
1786611763.903999,ellipse
1786611763.981036,ellipse
1786611764.056037,ellipse
1786611764.133128,ellipse
1786611764.223724,ellipse
1786611764.302758,ellipse
1786611764.380911,ellipse
1786611764.460757,ellipse
1786611764.540680,ellipse
1786611764.621559,ellipse
1786611764.700730,ellipse
1786611764.779161,ellipse
1786611764.871294,ellipse
1786611764.948144,ellipse
1786611765.039807,ellipse
1786611765.116769,ellipse
1786611765.206767,ellipse
1786611765.298212,ellipse
1786611765.377110,ellipse
1786611765.467232,ellipse
1786611765.556526,ellipse
1786611765.638555,ellipse
1786611765.728353,ellipse
1786611765.818529,ellipse
1786611765.920862,ellipse
1786611766.000683,ellipse
1786611766.091346,ellipse
1786611766.181389,ellipse
1786611766.270880,ellipse
1786611766.360090,ellipse
1786611766.462127,ellipse
1786611766.552329,ellipse
1786611766.642955,ellipse
1786611766.731249,ellipse
1786611766.810059,ellipse
1786611766.899818,ellipse
1786611766.989539,ellipse
1786611767.079631,ellipse
1786611767.170831,ellipse
1786611767.261626,ellipse
1786611767.350449,ellipse
1786611767.441230,ellipse
1786611767.520425,ellipse
1786611767.597949,ellipse
1786611767.678533,ellipse
1786611767.756475,ellipse
1786611767.837934,ellipse
1786611767.929607,ellipse
1786611768.010923,ellipse
1786611768.088514,ellipse
1786611768.170511,ellipse
1786611768.249381,ellipse
1786611768.328819,ellipse
1786611768.406877,ellipse
1786611768.496123,ellipse
1786611768.574354,ellipse
1786611768.663039,ellipse
1786611768.751843,ellipse
1786611768.832764,ellipse
1786611768.924379,ellipse
1786611769.015473,ellipse
1786611769.093746,ellipse
1786611769.185640,ellipse
1786611769.276963,ellipse
1786611769.365803,ellipse
1786611769.452105,ellipse
1786611769.544669,ellipse
1786611769.637794,ellipse
1786611769.730268,ellipse
1786611769.820612,ellipse
1786611769.921536,ellipse
1786611770.012598,ellipse
1786611770.092031,ellipse
1786611770.182589,ellipse
1786611770.271564,ellipse
1786611770.361309,ellipse
1786611770.450629,ellipse
1786611770.541325,ellipse
1786611770.632529,ellipse
1786611770.721541,ellipse
1786611770.811581,ellipse
1786611770.890759,ellipse
1786611770.978950,ellipse
1786611771.071782,ellipse
1786611771.146963,ellipse
1786611771.224583,ellipse
1786611771.301982,ellipse
1786611771.393362,ellipse
1786611771.473801,ellipse
1786611771.553891,ellipse
1786611771.635189,ellipse
1786611771.713585,ellipse
1786611771.794283,ellipse
1786611771.885415,ellipse
1786611771.964421,ellipse
1786611772.044238,ellipse
1786611772.122994,ellipse
1786611772.214044,ellipse
1786611772.293321,ellipse
1786611772.383949,ellipse
1786611772.468708,ellipse
1786611772.549941,ellipse
1786611772.640617,ellipse
1786611772.732238,ellipse
1786611772.809877,ellipse
1786611772.898694,ellipse
1786611772.989093,ellipse
1786611773.081304,ellipse
1786611773.171929,ellipse
1786611773.261970,ellipse
1786611773.339130,ellipse
1786611773.441883,ellipse
1786611773.532808,ellipse
1786611773.621598,ellipse
1786611773.711965,ellipse
1786611773.801242,ellipse
1786611773.891436,ellipse
1786611773.981476,ellipse
1786611774.072519,ellipse
1786611774.162382,ellipse
1786611774.252660,ellipse
1786611774.340334,ellipse
1786611774.431719,ellipse
1786611774.511456,ellipse
1786611774.600251,ellipse
1786611774.688743,ellipse
1786611774.778434,ellipse
1786611774.866471,ellipse
1786611774.946659,ellipse
1786611775.024759,ellipse
1786611775.104229,ellipse
1786611775.182533,ellipse
1786611775.261239,ellipse
1786611775.339261,ellipse
1786611775.406392,ellipse
1786611775.486209,ellipse
1786611775.562048,ellipse
1786611775.642463,ellipse
1786611775.723238,ellipse
1786611775.814219,ellipse
1786611775.893289,ellipse
1786611775.972849,ellipse
1786611776.059828,ellipse
1786611776.144637,ellipse
1786611776.233784,ellipse
1786611776.324764,ellipse
1786611781.615468,fwd_back
1786611781.707668,fwd_back
1786611781.799376,fwd_back
1786611781.882983,fwd_back
1786611781.982430,fwd_back
1786611782.061392,fwd_back
1786611782.149774,fwd_back
1786611782.240918,fwd_back
1786611782.333656,fwd_back
1786611782.423361,fwd_back
1786611782.514814,fwd_back
1786611782.603604,fwd_back
1786611782.691934,fwd_back
1786611782.779419,fwd_back
1786611782.869811,fwd_back
1786611782.963067,fwd_back
1786611783.055309,fwd_back
1786611783.151781,fwd_back
1786611783.255385,fwd_back
1786611783.345205,fwd_back
1786611783.442319,fwd_back
1786611783.533840,fwd_back
1786611783.627863,fwd_back
1786611783.718752,fwd_back
1786611783.820763,fwd_back
1786611783.919026,fwd_back
1786611784.009050,fwd_back
1786611784.108538,fwd_back
1786611784.206178,fwd_back
1786611784.295155,fwd_back
1786611784.391559,fwd_back
1786611784.479363,fwd_back
1786611784.580332,fwd_back
1786611784.665972,fwd_back
1786611784.749382,fwd_back
1786611784.851674,fwd_back
1786611784.939649,fwd_back
1786611785.041747,fwd_back
1786611785.132093,fwd_back
1786611785.218525,fwd_back
1786611785.324295,fwd_back
1786611785.414131,fwd_back
1786611785.518514,fwd_back
1786611785.600389,fwd_back
1786611785.704797,fwd_back
1786611785.792390,fwd_back
1786611785.898136,fwd_back
1786611785.998535,fwd_back
1786611786.102969,fwd_back
1786611786.187011,fwd_back
1786611786.297276,fwd_back
1786611786.402971,fwd_back
1786611786.491113,fwd_back
1786611786.600185,fwd_back
1786611786.704327,fwd_back
1786611786.805559,fwd_back
1786611786.907992,fwd_back
1786611787.009208,fwd_back
1786611787.124282,fwd_back
1786611787.225049,fwd_back
1786611787.326470,fwd_back
1786611787.429627,fwd_back
1786611787.544354,fwd_back
1786611787.645298,fwd_back
1786611787.744506,fwd_back
1786611787.845914,fwd_back
1786611787.943196,fwd_back
1786611788.058892,fwd_back
1786611788.154021,fwd_back
1786611788.234887,fwd_back
1786611788.330841,fwd_back
1786611788.428815,fwd_back
1786611788.522318,fwd_back
1786611788.613984,fwd_back
1786611788.697530,fwd_back
1786611788.866077,fwd_back
1786611788.948101,fwd_back
1786611789.029848,fwd_back
1786611789.105010,fwd_back
1786611789.188409,fwd_back
1786611789.263621,fwd_back
1786611789.347415,fwd_back
1786611789.424829,fwd_back
1786611789.508724,fwd_back
1786611789.581808,fwd_back
1786611789.654343,fwd_back
1786611789.740495,fwd_back
1786611789.819749,fwd_back
1786611789.909437,fwd_back
1786611789.988097,fwd_back
1786611790.064057,fwd_back
1786611790.153764,fwd_back
1786611790.232063,fwd_back
1786611790.320653,fwd_back
1786611790.409863,fwd_back
1786611790.500460,fwd_back
1786611790.577752,fwd_back
1786611790.667144,fwd_back
1786611790.758294,fwd_back
1786611790.849066,fwd_back
1786611790.945546,fwd_back
1786611791.062882,fwd_back
1786611791.163309,fwd_back
1786611791.253516,fwd_back
1786611791.342026,fwd_back
1786611791.462019,fwd_back
1786611791.640178,fwd_back
1786611791.756583,fwd_back
1786611791.942574,fwd_back
1786611792.074246,fwd_back
1786611792.204916,fwd_back
1786611792.309984,fwd_back
1786611792.402297,fwd_back
1786611792.567394,fwd_back
1786611792.658854,fwd_back
1786611792.783817,fwd_back
1786611792.876219,fwd_back
1786611792.964852,fwd_back
1786611793.055764,fwd_back
1786611793.147645,fwd_back
1786611793.235305,fwd_back
1786611793.326204,fwd_back
1786611793.413668,fwd_back
1786611793.490031,fwd_back
1786611793.581620,fwd_back
1786611793.662560,fwd_back
1786611793.750754,fwd_back
1786611793.828567,fwd_back
1786611793.920107,fwd_back
1786611793.995460,fwd_back
1786611794.073225,fwd_back
1786611794.164055,fwd_back
1786611794.242067,fwd_back
1786611794.323999,fwd_back
1786611794.417389,fwd_back
1786611794.495205,fwd_back
1786611794.583833,fwd_back
1786611795.047027,fwd_back
1786611795.157782,fwd_back
1786611795.238223,fwd_back
1786611795.327027,fwd_back
1786611795.404453,fwd_back
1786611795.496712,fwd_back
1786611795.577494,fwd_back
1786611795.657196,fwd_back
1786611795.750824,fwd_back
1786611795.828448,fwd_back
1786611795.917951,fwd_back
1786611795.996308,fwd_back
1786611796.075746,fwd_back
1786611796.166731,fwd_back
1786611796.257885,fwd_back
1786611796.338247,fwd_back
1786611796.427649,fwd_back
1786611796.518695,fwd_back
1786611796.605906,fwd_back
1786611796.696006,fwd_back
1786611796.784586,fwd_back
1786611796.886156,fwd_back
1786611796.976474,fwd_back
1786611797.066703,fwd_back
1786611797.153340,fwd_back
1786611797.243646,fwd_back
1786611797.331230,fwd_back
1786611797.564729,fwd_back
1786611797.867813,fwd_back
1786611797.980399,fwd_back
1786611798.066662,fwd_back
1786611798.217003,fwd_back
1786611798.317236,fwd_back
1786611798.404326,fwd_back
1786611798.491968,fwd_back
1786611798.572007,fwd_back
1786611798.663682,fwd_back
1786611798.741202,fwd_back
1786611798.832802,fwd_back
1786611798.913588,fwd_back
1786611799.003774,fwd_back
1786611799.083002,fwd_back
1786611799.173896,fwd_back
1786611799.319888,fwd_back
1786611799.401153,fwd_back
1786611799.491536,fwd_back
1786611799.571044,fwd_back
1786611799.661027,fwd_back
1786611799.737718,fwd_back
1786611799.817217,fwd_back
1786611799.904190,fwd_back
1786611799.982393,fwd_back
1786611800.072327,fwd_back
1786611800.150078,fwd_back
1786611800.226579,fwd_back
1786611800.323961,fwd_back
1786611800.404162,fwd_back
1786611800.493954,fwd_back
1786611800.571963,fwd_back
1786611800.653920,fwd_back
1786611800.740821,fwd_back
1786611800.813998,fwd_back
1786611800.903499,fwd_back
1786611800.991687,fwd_back
1786611801.081913,fwd_back
1786611801.170587,fwd_back
1786611801.262369,fwd_back
1786611801.349121,fwd_back
1786611801.440549,fwd_back
1786611801.529580,fwd_back
1786611806.830069,head_only
1786611806.921294,head_only
1786611807.014097,head_only
1786611807.114048,head_only
1786611807.201475,head_only
1786611807.291276,head_only
1786611807.379789,head_only
1786611807.483777,head_only
1786611807.575352,head_only
1786611807.664996,head_only
1786611807.755400,head_only
1786611807.846961,head_only
1786611807.937958,head_only
1786611808.029028,head_only
1786611808.120834,head_only
1786611808.209085,head_only
1786611808.300729,head_only
1786611808.392123,head_only
1786611808.479914,head_only
1786611808.567368,head_only
1786611808.645247,head_only
1786611808.735457,head_only
1786611808.828461,head_only
1786611808.915038,head_only
1786611808.990972,head_only
1786611809.080693,head_only
1786611809.168260,head_only
1786611809.255404,head_only
1786611809.343354,head_only
1786611809.421587,head_only
1786611809.509297,head_only
1786611809.600179,head_only
1786611809.688952,head_only
1786611809.768764,head_only
1786611809.873152,head_only
1786611809.964433,head_only
1786611810.051045,head_only
1786611810.142687,head_only
1786611810.221162,head_only
1786611810.305698,head_only
1786611810.401150,head_only
1786611810.477749,head_only
1786611810.568518,head_only
1786611810.658697,head_only
1786611810.750229,head_only
1786611810.841656,head_only
1786611810.930734,head_only
1786611811.020771,head_only
1786611811.108914,head_only
1786611811.193523,head_only
1786611811.283402,head_only
1786611811.372379,head_only
1786611811.463269,head_only
1786611811.550582,head_only
1786611811.706935,head_only
1786611811.796873,head_only
1786611811.885366,head_only
1786611811.976534,head_only
1786611812.066523,head_only
1786611812.159307,head_only
1786611812.244553,head_only
1786611812.335276,head_only
1786611812.422684,head_only
1786611812.569300,head_only
1786611812.657809,head_only
1786611812.747253,head_only
1786611812.839295,head_only
1786611812.929051,head_only
1786611813.020543,head_only
1786611813.109686,head_only
1786611813.200257,head_only
1786611813.292088,head_only
1786611813.380909,head_only
1786611813.472305,head_only
1786611813.563862,head_only
1786611813.655498,head_only
1786611813.746136,head_only
1786611813.835421,head_only
1786611813.924802,head_only
1786611814.016251,head_only
1786611814.109646,head_only
1786611814.198914,head_only
1786611814.289192,head_only
1786611814.378661,head_only
1786611814.469208,head_only
1786611814.555083,head_only
1786611814.647427,head_only
1786611814.736280,head_only
1786611814.824995,head_only
1786611814.901923,head_only
1786611814.992981,head_only
1786611815.081034,head_only
1786611815.169383,head_only
1786611815.255168,head_only
1786611815.345855,head_only
1786611815.424314,head_only
1786611815.510038,head_only
1786611815.599043,head_only
1786611815.689472,head_only
1786611815.779261,head_only
1786611815.868910,head_only
1786611815.954504,head_only
1786611816.041895,head_only
1786611816.131867,head_only
1786611816.222848,head_only
1786611816.300408,head_only
1786611816.402159,head_only
1786611816.493746,head_only
1786611816.570622,head_only
1786611816.672602,head_only
1786611816.761001,head_only
1786611816.850471,head_only
1786611816.939981,head_only
1786611817.032009,head_only
1786611817.120154,head_only
1786611817.209972,head_only
1786611817.295535,head_only
1786611817.385303,head_only
1786611817.465568,head_only
1786611817.567113,head_only
1786611817.658345,head_only
1786611817.733240,head_only
1786611817.824225,head_only
1786611817.926606,head_only
1786611818.015907,head_only
1786611818.108784,head_only
1786611818.195660,head_only
1786611818.287856,head_only
1786611818.375596,head_only
1786611818.465557,head_only
1786611818.556289,head_only
1786611818.644597,head_only
1786611818.736255,head_only
1786611818.821428,head_only
1786611818.912578,head_only
1786611819.003262,head_only
1786611819.089931,head_only
1786611819.180570,head_only
1786611819.270799,head_only
1786611819.358760,head_only
1786611819.449054,head_only
1786611819.539508,head_only
1786611819.629836,head_only
1786611819.720052,head_only
1786611819.810926,head_only
1786611819.890541,head_only
1786611819.981999,head_only
1786611820.070422,head_only
1786611820.159306,head_only
1786611820.244006,head_only
1786611820.335899,head_only
1786611820.427241,head_only
1786611820.517363,head_only
1786611820.606702,head_only
1786611820.699291,head_only
1786611820.778187,head_only
1786611820.876802,head_only
1786611820.965847,head_only
1786611821.056113,head_only
1786611821.254889,head_only
1786611821.360289,head_only
1786611821.450752,head_only
1786611821.541087,head_only
1786611821.631868,head_only
1786611821.710652,head_only
1786611822.017529,head_only
1786611822.105963,head_only
1786611822.193959,head_only
1786611822.282652,head_only
1786611822.370088,head_only
1786611822.462300,head_only
1786611822.614878,head_only
1786611822.704105,head_only
1786611822.790145,head_only
1786611822.890600,head_only
1786611822.968424,head_only
1786611823.058800,head_only
1786611823.150802,head_only
1786611823.239061,head_only
1786611823.329854,head_only
1786611823.420060,head_only
1786611823.509921,head_only
1786611823.732152,head_only
1786611823.817400,head_only
1786611823.905524,head_only
1786611823.995109,head_only
1786611824.084363,head_only
1786611824.165187,head_only
1786611824.256999,head_only
1786611824.346872,head_only
1786611824.682873,head_only
1786611824.762619,head_only
1786611824.855893,head_only
1786611824.958667,head_only
1786611825.036305,head_only
1786611825.122780,head_only
1786611825.208501,head_only
1786611825.298392,head_only
1786611825.501898,head_only
1786611825.579584,head_only
1786611825.668408,head_only
1786611825.770831,head_only
1786611825.850081,head_only
1786611825.940043,head_only
1786611826.041650,head_only
1786611826.119712,head_only
1786611826.211618,head_only
1786611826.536578,head_only
1786611826.625280,head_only
1786611826.736278,head_only
1786611832.039438,natural_typing
1786611832.138379,natural_typing
1786611832.228791,natural_typing
1786611832.318312,natural_typing
1786611832.409992,natural_typing
1786611832.487673,natural_typing
1786611832.591411,natural_typing
1786611832.676457,natural_typing
1786611832.767837,natural_typing
1786611832.857942,natural_typing
1786611832.948429,natural_typing
1786611833.037315,natural_typing
1786611833.126089,natural_typing
1786611833.216561,natural_typing
1786611833.297255,natural_typing
1786611833.382591,natural_typing
1786611833.481083,natural_typing
1786611833.567622,natural_typing
1786611833.657504,natural_typing
1786611833.745316,natural_typing
1786611833.834915,natural_typing
1786611833.918580,natural_typing
1786611834.011232,natural_typing
1786611834.100519,natural_typing
1786611834.188692,natural_typing
1786611834.278443,natural_typing
1786611834.354767,natural_typing
1786611834.440523,natural_typing
1786611834.529644,natural_typing
1786611834.622796,natural_typing
1786611834.712527,natural_typing
1786611834.801966,natural_typing
1786611834.888848,natural_typing
1786611834.976632,natural_typing
1786611835.067235,natural_typing
1786611835.157140,natural_typing
1786611835.248611,natural_typing
1786611835.338943,natural_typing
1786611835.428986,natural_typing
1786611835.521438,natural_typing
1786611835.610150,natural_typing
1786611835.700871,natural_typing
1786611835.788143,natural_typing
1786611835.877368,natural_typing
1786611835.966173,natural_typing
1786611836.054382,natural_typing
1786611836.143925,natural_typing
1786611836.233017,natural_typing
1786611836.322237,natural_typing
1786611836.411295,natural_typing
1786611836.500855,natural_typing
1786611836.593226,natural_typing
1786611836.685230,natural_typing
1786611836.772300,natural_typing
1786611836.852628,natural_typing
1786611836.942143,natural_typing
1786611837.034573,natural_typing
1786611837.124783,natural_typing
1786611837.213699,natural_typing
1786611837.300682,natural_typing
1786611837.388024,natural_typing
1786611837.474886,natural_typing
1786611837.568408,natural_typing
1786611837.658733,natural_typing
1786611837.746503,natural_typing
1786611837.832673,natural_typing
1786611837.923622,natural_typing
1786611838.014991,natural_typing
1786611838.100507,natural_typing
1786611838.190820,natural_typing
1786611838.280998,natural_typing
1786611838.371987,natural_typing
1786611838.461622,natural_typing
1786611838.549486,natural_typing
1786611838.634339,natural_typing
1786611838.724068,natural_typing
1786611838.813011,natural_typing
1786611838.902395,natural_typing
1786611838.988614,natural_typing
1786611839.076324,natural_typing
1786611839.154638,natural_typing
1786611839.243093,natural_typing
1786611839.332315,natural_typing
1786611839.422660,natural_typing
1786611839.511208,natural_typing
1786611839.597080,natural_typing
1786611839.685865,natural_typing
1786611839.774104,natural_typing
1786611839.861820,natural_typing
1786611839.952569,natural_typing
1786611840.041716,natural_typing
1786611840.129874,natural_typing
1786611840.217780,natural_typing
1786611840.303524,natural_typing
1786611840.391519,natural_typing
1786611840.482195,natural_typing
1786611840.571886,natural_typing
1786611840.663648,natural_typing
1786611840.754295,natural_typing
1786611840.845445,natural_typing
1786611840.935354,natural_typing
1786611841.024352,natural_typing
1786611841.111913,natural_typing
1786611841.202480,natural_typing
1786611841.281845,natural_typing
1786611841.371872,natural_typing
1786611841.460797,natural_typing
1786611841.551130,natural_typing
1786611841.641451,natural_typing
1786611841.730490,natural_typing
1786611841.820411,natural_typing
1786611841.911048,natural_typing
1786611842.000248,natural_typing
1786611842.089987,natural_typing
1786611842.182331,natural_typing
1786611842.272916,natural_typing
1786611842.358496,natural_typing
1786611842.507329,natural_typing
1786611842.599120,natural_typing
1786611842.691213,natural_typing
1786611842.780576,natural_typing
1786611842.871696,natural_typing
1786611842.971455,natural_typing
1786611843.065984,natural_typing
1786611843.147794,natural_typing
1786611843.236311,natural_typing
1786611843.357595,natural_typing
1786611843.464080,natural_typing
1786611843.554823,natural_typing
1786611843.643136,natural_typing
1786611843.802488,natural_typing
1786611843.893715,natural_typing
1786611843.984472,natural_typing
1786611844.067878,natural_typing
1786611844.160913,natural_typing
1786611844.251477,natural_typing
1786611844.330876,natural_typing
1786611844.423173,natural_typing
1786611844.531465,natural_typing
1786611844.621674,natural_typing
1786611844.718677,natural_typing
1786611844.795851,natural_typing
1786611844.929158,natural_typing
1786611845.044818,natural_typing
1786611845.190799,natural_typing
1786611845.305843,natural_typing
1786611845.402058,natural_typing
1786611845.525633,natural_typing
1786611845.650979,natural_typing
1786611845.729585,natural_typing
1786611845.830068,natural_typing
1786611845.918147,natural_typing
1786611845.994548,natural_typing
1786611846.085014,natural_typing
1786611846.174966,natural_typing
1786611846.256227,natural_typing
1786611846.344479,natural_typing
1786611846.434485,natural_typing
1786611846.533675,natural_typing
1786611846.642699,natural_typing
1786611846.732419,natural_typing
1786611846.824440,natural_typing
1786611846.914016,natural_typing
1786611847.017021,natural_typing
1786611847.096475,natural_typing
1786611847.185666,natural_typing
1786611847.276264,natural_typing
1786611847.355221,natural_typing
1786611847.462700,natural_typing
1786611847.554613,natural_typing
1786611847.645270,natural_typing
1786611847.743668,natural_typing
1786611847.834625,natural_typing
1786611847.911755,natural_typing
1786611848.000057,natural_typing
1786611848.079879,natural_typing
1786611848.169889,natural_typing
1786611848.255462,natural_typing
1786611848.332475,natural_typing
1786611848.425157,natural_typing
1786611848.503394,natural_typing
1786611848.595156,natural_typing
1786611848.684277,natural_typing
1786611848.765247,natural_typing
1786611848.856183,natural_typing
1786611848.946994,natural_typing
1786611849.026162,natural_typing
1786611849.118648,natural_typing
1786611849.208429,natural_typing
1786611849.285300,natural_typing
1786611849.371484,natural_typing
1786611849.463419,natural_typing
1786611849.542672,natural_typing
1786611849.633207,natural_typing
1786611849.712153,natural_typing
1786611849.799177,natural_typing
1786611849.890253,natural_typing
1786611849.969966,natural_typing
1786611850.059725,natural_typing
1786611850.149642,natural_typing
1786611850.227928,natural_typing
1786611850.320699,natural_typing
1786611850.406993,natural_typing
1786611850.486967,natural_typing
1786611850.573254,natural_typing
1786611850.662740,natural_typing
1786611850.752430,natural_typing
1786611850.832189,natural_typing
1786611850.921589,natural_typing
1786611851.012097,natural_typing
1786611851.089060,natural_typing
1786611851.179096,natural_typing
1786611851.269510,natural_typing
1786611851.344630,natural_typing
1786611851.435943,natural_typing
1786611851.524279,natural_typing
1786611851.605199,natural_typing
1786611851.694440,natural_typing
1786611851.769775,natural_typing
1786611851.856360,natural_typing
1786611851.946985,natural_typing
1786611852.024655,natural_typing
1786611852.111926,natural_typing
1786611852.203193,natural_typing
1786611852.282664,natural_typing
1786611852.371478,natural_typing
1786611852.455356,natural_typing
1786611852.534071,natural_typing
1786611852.624530,natural_typing
1786611852.715466,natural_typing
1786611852.793304,natural_typing
1786611852.883423,natural_typing
1786611852.974175,natural_typing
1786611853.049846,natural_typing
1786611853.136194,natural_typing
1786611853.225876,natural_typing
1786611853.302030,natural_typing
1786611853.393374,natural_typing
1786611853.480537,natural_typing
1786611853.558629,natural_typing
1786611853.646378,natural_typing
1786611853.734666,natural_typing
1786611853.810943,natural_typing
1786611853.900705,natural_typing
1786611853.980605,natural_typing
1786611854.069943,natural_typing
1786611854.159949,natural_typing
1786611854.239884,natural_typing
1786611854.329225,natural_typing
1786611854.404433,natural_typing
1786611854.494935,natural_typing
1786611854.583420,natural_typing
1786611854.661093,natural_typing
1786611854.749005,natural_typing
1786611854.838116,natural_typing
1786611854.915751,natural_typing
1786611855.003396,natural_typing
1786611855.079911,natural_typing
1786611855.168327,natural_typing
1786611855.259058,natural_typing
1786611855.348868,natural_typing
1786611855.428120,natural_typing
1786611855.518986,natural_typing
1786611855.596255,natural_typing
1786611855.683424,natural_typing
1786611855.761814,natural_typing
1786611855.847870,natural_typing
1786611855.939124,natural_typing
1786611856.017764,natural_typing
1786611856.110938,natural_typing
1786611856.189788,natural_typing
1786611856.281541,natural_typing
1786611856.372843,natural_typing
1786611856.464060,natural_typing
1786611856.539550,natural_typing
1786611856.631087,natural_typing
1786611856.717742,natural_typing
1786611856.796388,natural_typing
1786611856.885515,natural_typing
1786611856.976780,natural_typing
1786611857.069343,natural_typing
1786611857.144609,natural_typing
1786611857.234387,natural_typing
1786611857.323887,natural_typing
1786611857.403204,natural_typing
1786611857.492321,natural_typing
1786611857.582393,natural_typing
1786611857.673537,natural_typing
1786611857.765421,natural_typing
1786611857.854608,natural_typing
1786611857.933057,natural_typing
1786611858.019437,natural_typing
1786611858.111451,natural_typing
1786611858.201100,natural_typing
1786611858.289333,natural_typing
1786611858.378074,natural_typing
1786611858.467722,natural_typing
1786611858.546704,natural_typing
1786611858.635856,natural_typing
1786611858.726544,natural_typing
1786611858.813625,natural_typing
1786611858.888803,natural_typing
1786611858.979188,natural_typing
1786611859.069128,natural_typing
1786611859.148733,natural_typing
1786611859.247143,natural_typing
1786611859.334730,natural_typing
1786611859.411693,natural_typing
1786611859.502743,natural_typing
1786611859.590441,natural_typing
1786611859.681514,natural_typing
1786611859.761060,natural_typing
1786611859.850924,natural_typing
1786611859.941421,natural_typing
1786611860.031759,natural_typing
1786611860.111772,natural_typing
1786611860.202724,natural_typing
1786611860.292149,natural_typing
1786611860.368313,natural_typing
1786611860.461050,natural_typing
1786611860.551886,natural_typing
1786611860.641870,natural_typing
1786611860.720833,natural_typing
1786611860.823692,natural_typing
1786611860.902256,natural_typing
1786611860.990727,natural_typing
1786611861.079582,natural_typing
1786611861.166136,natural_typing
1786611861.241611,natural_typing
1786611861.329928,natural_typing
1786611861.419917,natural_typing
1786611861.509087,natural_typing
1786611861.594673,natural_typing
1786611861.675545,natural_typing
1786611861.765162,natural_typing
1786611861.856793,natural_typing
1786611861.932380,natural_typing
1786611862.019770,natural_typing
1786611862.108418,natural_typing
1786611862.199507,natural_typing
1786611862.288082,natural_typing
1786611862.366606,natural_typing
1786611862.456464,natural_typing
1786611862.542827,natural_typing
1786611862.634379,natural_typing
1786611862.714608,natural_typing
1786611862.803291,natural_typing
1786611862.895825,natural_typing
1786611862.986239,natural_typing
1786611863.076368,natural_typing
1786611863.155752,natural_typing
1786611863.242986,natural_typing
1786611863.333331,natural_typing
1786611863.423722,natural_typing
1786611863.512121,natural_typing
1786611863.590950,natural_typing
1786611863.681175,natural_typing
1786611863.771674,natural_typing
1786611863.860686,natural_typing
1786611863.941577,natural_typing
1786611864.032227,natural_typing
1786611864.121671,natural_typing
1786611864.211396,natural_typing
1786611864.287257,natural_typing
1786611864.374329,natural_typing
1786611864.462758,natural_typing
1786611864.543260,natural_typing
1786611864.634294,natural_typing
1786611864.723328,natural_typing
1786611864.814466,natural_typing
1786611864.893651,natural_typing
1786611864.981368,natural_typing
1786611865.067922,natural_typing
1786611865.147410,natural_typing
1786611865.238194,natural_typing
1786611865.326434,natural_typing
1786611865.412192,natural_typing
1786611865.489852,natural_typing
1786611865.579352,natural_typing
1786611865.670476,natural_typing
1786611865.759771,natural_typing
1786611865.837395,natural_typing
1786611865.925745,natural_typing
1786611866.014741,natural_typing
1786611866.097042,natural_typing
1786611866.184897,natural_typing
1786611866.270835,natural_typing
1786611866.364413,natural_typing
1786611866.454998,natural_typing
1786611866.533143,natural_typing
1786611866.622326,natural_typing
1786611866.712057,natural_typing
1786611866.791304,natural_typing
1786611866.881550,natural_typing
1786611866.967140,natural_typing
1786611867.058126,natural_typing
1786611867.137521,natural_typing
1786611867.226083,natural_typing
1786611867.312723,natural_typing
1786611867.390412,natural_typing
1786611867.490786,natural_typing
1786611867.567267,natural_typing
1786611867.655483,natural_typing
1786611867.748079,natural_typing
1786611867.825587,natural_typing
1786611867.917691,natural_typing
1786611868.006777,natural_typing
1786611868.097800,natural_typing
1786611868.175173,natural_typing
1786611868.262257,natural_typing
1786611868.352810,natural_typing
1786611868.430840,natural_typing
1786611868.520019,natural_typing
1786611868.612118,natural_typing
1786611868.702557,natural_typing
1786611868.778364,natural_typing
1786611868.867508,natural_typing
1786611868.957924,natural_typing
1786611869.036671,natural_typing
1786611869.125682,natural_typing
1786611869.212714,natural_typing
1786611869.301194,natural_typing
1786611869.375510,natural_typing
1786611869.462995,natural_typing
1786611869.553243,natural_typing
1786611869.631218,natural_typing
1786611869.719487,natural_typing
1786611869.810787,natural_typing
1786611869.900462,natural_typing
1786611869.979520,natural_typing
1786611870.067197,natural_typing
1786611870.152028,natural_typing
1786611870.225872,natural_typing
1786611870.312779,natural_typing
1786611870.401190,natural_typing
1786611870.489742,natural_typing
1786611870.569970,natural_typing
1786611870.660743,natural_typing
1786611870.748047,natural_typing
1786611870.829359,natural_typing
1786611870.918604,natural_typing
1786611871.013192,natural_typing
1786611871.101876,natural_typing
1786611871.180993,natural_typing
1786611871.273401,natural_typing
1786611871.364963,natural_typing
1786611871.443543,natural_typing
1786611871.534212,natural_typing
1786611871.621961,natural_typing
1786611871.710641,natural_typing
1786611871.790413,natural_typing
1786611871.881384,natural_typing
1786611871.969877,natural_typing
1786611872.049373,natural_typing
1786611872.140931,natural_typing
1786611872.228854,natural_typing
1786611872.319960,natural_typing
1786611872.398977,natural_typing
1786611872.487058,natural_typing
1786611872.577508,natural_typing
1786611872.665622,natural_typing
1786611872.746404,natural_typing
1786611872.834572,natural_typing
1786611872.923459,natural_typing
1786611873.002990,natural_typing
1786611873.093700,natural_typing
1786611873.184578,natural_typing
1786611873.275954,natural_typing
1786611873.353427,natural_typing
1786611873.443372,natural_typing
1786611873.530506,natural_typing
1786611873.610170,natural_typing
1786611873.700181,natural_typing
1786611873.792299,natural_typing
1786611873.880943,natural_typing
1786611873.957871,natural_typing
1786611874.048660,natural_typing
1786611874.138960,natural_typing
1786611874.218657,natural_typing
1786611874.309249,natural_typing
1786611874.397856,natural_typing
1786611874.489157,natural_typing
1786611874.570409,natural_typing
1786611874.654048,natural_typing
1786611874.743526,natural_typing
1786611874.822373,natural_typing
1786611874.910915,natural_typing
1786611875.001162,natural_typing
1786611875.088761,natural_typing
1786611875.160953,natural_typing
1786611875.246467,natural_typing
1786611875.336616,natural_typing
1786611875.425469,natural_typing
1786611875.517229,natural_typing
1786611875.594256,natural_typing
1786611875.684071,natural_typing
1786611875.773036,natural_typing
1786611875.863486,natural_typing
1786611875.943986,natural_typing
1786611876.032580,natural_typing
1786611876.125801,natural_typing
1786611876.214567,natural_typing
1786611876.292326,natural_typing
1786611876.382909,natural_typing
1786611876.473663,natural_typing
1786611876.553956,natural_typing
1786611876.641518,natural_typing
1786611876.729592,natural_typing
1786611876.817250,natural_typing
1786611876.890047,natural_typing
1786611876.976744,natural_typing
1786611882.278321,natural_reach
1786611882.357093,natural_reach
1786611882.449487,natural_reach
1786611882.538349,natural_reach
1786611882.626011,natural_reach
1786611882.706440,natural_reach
1786611882.794128,natural_reach
1786611882.882662,natural_reach
1786611882.971338,natural_reach
1786611883.049021,natural_reach
1786611883.139893,natural_reach
1786611883.226089,natural_reach
1786611883.315586,natural_reach
1786611883.405890,natural_reach
1786611883.490809,natural_reach
1786611883.583135,natural_reach
1786611883.673034,natural_reach
1786611883.765359,natural_reach
1786611883.855520,natural_reach
1786611883.944516,natural_reach
1786611884.023497,natural_reach
1786611884.114026,natural_reach
1786611884.202592,natural_reach
1786611884.290292,natural_reach
1786611884.380003,natural_reach
1786611884.470114,natural_reach
1786611884.559426,natural_reach
1786611884.647502,natural_reach
1786611884.739547,natural_reach
1786611884.830010,natural_reach
1786611884.908801,natural_reach
1786611884.994863,natural_reach
1786611885.083476,natural_reach
1786611885.172996,natural_reach
1786611885.266884,natural_reach
1786611885.358355,natural_reach
1786611885.446052,natural_reach
1786611885.525331,natural_reach
1786611885.616951,natural_reach
1786611885.706213,natural_reach
1786611885.795922,natural_reach
1786611885.885316,natural_reach
1786611885.976669,natural_reach
1786611886.056300,natural_reach
1786611886.133401,natural_reach
1786611886.209668,natural_reach
1786611886.303639,natural_reach
1786611886.382172,natural_reach
1786611886.475109,natural_reach
1786611886.553604,natural_reach
1786611886.633561,natural_reach
1786611886.724311,natural_reach
1786611886.802505,natural_reach
1786611886.894351,natural_reach
1786611886.985647,natural_reach
1786611887.064423,natural_reach
1786611887.153360,natural_reach
1786611887.234444,natural_reach
1786611887.313808,natural_reach
1786611887.403311,natural_reach
1786611887.483602,natural_reach
1786611887.571781,natural_reach
1786611887.654455,natural_reach
1786611887.743872,natural_reach
1786611887.836496,natural_reach
1786611887.924711,natural_reach
1786611888.016972,natural_reach
1786611888.106698,natural_reach
1786611888.198014,natural_reach
1786611888.288494,natural_reach
1786611888.391282,natural_reach
1786611888.481198,natural_reach
1786611888.571484,natural_reach
1786611888.668808,natural_reach
1786611888.756243,natural_reach
1786611888.847548,natural_reach
1786611888.940310,natural_reach
1786611889.043978,natural_reach
1786611889.131950,natural_reach
1786611889.220867,natural_reach
1786611889.311319,natural_reach
1786611889.400004,natural_reach
1786611889.488161,natural_reach
1786611889.578742,natural_reach
1786611889.668762,natural_reach
1786611889.770236,natural_reach
1786611889.859277,natural_reach
1786611889.950805,natural_reach
1786611890.041598,natural_reach
1786611890.132978,natural_reach
1786611890.222488,natural_reach
1786611890.310713,natural_reach
1786611890.399838,natural_reach
1786611890.492849,natural_reach
1786611890.570541,natural_reach
1786611890.658071,natural_reach
1786611890.745825,natural_reach
1786611890.835254,natural_reach
1786611890.916925,natural_reach
1786611891.008196,natural_reach
1786611891.101565,natural_reach
1786611891.189760,natural_reach
1786611891.280607,natural_reach
1786611891.356877,natural_reach
1786611891.446631,natural_reach
1786611891.538201,natural_reach
1786611891.623867,natural_reach
1786611891.711154,natural_reach
1786611891.790375,natural_reach
1786611891.880957,natural_reach
1786611891.971422,natural_reach
1786611892.070397,natural_reach
1786611892.160394,natural_reach
1786611892.247859,natural_reach
1786611892.326546,natural_reach
1786611892.416192,natural_reach
1786611892.503488,natural_reach
1786611892.596585,natural_reach
1786611892.687997,natural_reach
1786611892.777180,natural_reach
1786611892.868229,natural_reach
1786611892.958633,natural_reach
1786611893.049830,natural_reach
1786611893.139527,natural_reach
1786611893.229396,natural_reach
1786611893.328163,natural_reach
1786611893.419120,natural_reach
1786611893.497699,natural_reach
1786611893.588249,natural_reach
1786611893.674962,natural_reach
1786611893.764521,natural_reach
1786611893.854474,natural_reach
1786611893.944570,natural_reach
1786611894.034386,natural_reach
1786611894.113460,natural_reach
1786611894.203340,natural_reach
1786611894.305416,natural_reach
1786611894.394141,natural_reach
1786611894.485950,natural_reach
1786611894.575455,natural_reach
1786611894.664122,natural_reach
1786611894.755315,natural_reach
1786611894.845967,natural_reach
1786611894.939152,natural_reach
1786611895.017262,natural_reach
1786611895.108234,natural_reach
1786611895.195024,natural_reach
1786611895.286380,natural_reach
1786611895.376228,natural_reach
1786611895.467847,natural_reach
1786611895.557286,natural_reach
1786611895.647259,natural_reach
1786611895.735639,natural_reach
1786611895.825733,natural_reach
1786611895.916196,natural_reach
1786611896.002580,natural_reach
1786611896.091347,natural_reach
1786611896.179978,natural_reach
1786611896.260444,natural_reach
1786611896.350932,natural_reach
1786611896.442249,natural_reach
1786611896.533563,natural_reach
1786611896.624103,natural_reach
1786611896.715114,natural_reach
1786611896.803637,natural_reach
1786611896.894119,natural_reach
1786611896.983894,natural_reach
1786611897.076454,natural_reach
1786611897.156545,natural_reach
1786611897.247777,natural_reach
1786611897.336380,natural_reach
1786611897.426423,natural_reach
1786611897.517517,natural_reach
1786611897.608725,natural_reach
1786611897.692143,natural_reach
1786611897.783787,natural_reach
1786611897.874312,natural_reach
1786611897.968535,natural_reach
1786611898.057948,natural_reach
1786611898.147550,natural_reach
1786611898.237370,natural_reach
1786611898.325328,natural_reach
1786611898.416162,natural_reach
1786611898.503318,natural_reach
1786611898.591836,natural_reach
1786611898.683629,natural_reach
1786611898.774042,natural_reach
1786611898.860600,natural_reach
1786611898.939051,natural_reach
1786611899.030211,natural_reach
1786611899.120744,natural_reach
1786611899.209629,natural_reach
1786611899.299002,natural_reach
1786611899.387605,natural_reach
1786611899.479143,natural_reach
1786611899.556530,natural_reach
1786611899.644308,natural_reach
1786611899.723543,natural_reach
1786611899.815416,natural_reach
1786611899.894471,natural_reach
1786611899.974729,natural_reach
1786611900.066148,natural_reach
1786611900.147402,natural_reach
1786611900.234820,natural_reach
1786611900.323238,natural_reach
1786611900.398392,natural_reach
1786611900.488056,natural_reach
1786611900.566006,natural_reach
1786611900.654290,natural_reach
1786611900.744272,natural_reach
1786611900.830329,natural_reach
1786611900.910741,natural_reach
1786611901.001866,natural_reach
1786611901.101859,natural_reach
1786611901.178971,natural_reach
1786611901.279649,natural_reach
1786611901.371633,natural_reach
1786611901.458492,natural_reach
1786611901.549641,natural_reach
1786611901.638387,natural_reach
1786611901.740725,natural_reach
1786611901.835799,natural_reach
1786611901.924813,natural_reach
1786611902.021832,natural_reach
1786611902.109985,natural_reach
1786611902.199095,natural_reach
1786611907.489243,stand_sit
1786611907.577794,stand_sit
1786611907.668838,stand_sit
1786611907.760201,stand_sit
1786611907.851068,stand_sit
1786611907.927276,stand_sit
1786611908.019296,stand_sit
1786611908.108488,stand_sit
1786611908.188007,stand_sit
1786611908.280196,stand_sit
1786611908.370900,stand_sit
1786611908.461664,stand_sit
1786611908.549055,stand_sit
1786611908.639248,stand_sit
1786611908.727216,stand_sit
1786611908.830916,stand_sit
1786611908.920090,stand_sit
1786611909.008895,stand_sit
1786611909.102096,stand_sit
1786611909.193724,stand_sit
1786611909.281721,stand_sit
1786611909.368531,stand_sit
1786611909.456806,stand_sit
1786611909.546956,stand_sit
1786611909.637368,stand_sit
1786611909.726832,stand_sit
1786611909.817641,stand_sit
1786611909.906731,stand_sit
1786611910.007351,stand_sit
1786611910.096103,stand_sit
1786611910.185653,stand_sit
1786611910.274478,stand_sit
1786611910.366962,stand_sit
1786611910.456369,stand_sit
1786611910.545816,stand_sit
1786611910.635684,stand_sit
1786611910.725425,stand_sit
1786611910.817885,stand_sit
1786611910.909873,stand_sit
1786611910.999067,stand_sit
1786611911.088775,stand_sit
1786611911.179738,stand_sit
1786611911.270310,stand_sit
1786611911.360598,stand_sit
1786611911.435649,stand_sit
1786611911.524206,stand_sit
1786611911.605507,stand_sit
1786611911.687234,stand_sit
1786611911.765433,stand_sit
1786611911.844135,stand_sit
1786611911.907473,stand_sit
1786611911.988199,stand_sit
1786611912.066978,stand_sit
1786611912.134937,stand_sit
1786611912.203064,stand_sit
1786611912.283631,stand_sit
1786611912.362945,stand_sit
1786611912.452710,stand_sit
1786611912.528223,stand_sit
1786611912.607030,stand_sit
1786611912.686048,stand_sit
1786611912.772697,stand_sit
1786611912.867323,stand_sit
1786611912.955228,stand_sit
1786611913.046205,stand_sit
1786611913.148607,stand_sit
1786611913.239858,stand_sit
1786611913.344847,stand_sit
1786611913.430562,stand_sit
1786611913.523288,stand_sit
1786611913.613521,stand_sit
1786611913.711556,stand_sit
1786611913.800938,stand_sit
1786611913.890724,stand_sit
1786611913.994360,stand_sit
1786611914.084780,stand_sit
1786611914.177500,stand_sit
1786611914.279253,stand_sit
1786611914.371635,stand_sit
1786611914.470752,stand_sit
1786611914.560044,stand_sit
1786611914.650128,stand_sit
1786611914.739343,stand_sit
1786611914.842697,stand_sit
1786611914.942675,stand_sit
1786611915.033814,stand_sit
1786611915.123113,stand_sit
1786611915.225830,stand_sit
1786611915.312328,stand_sit
1786611915.413360,stand_sit
1786611915.500630,stand_sit
1786611915.602735,stand_sit
1786611915.693984,stand_sit
1786611915.796310,stand_sit
1786611915.886381,stand_sit
1786611915.974954,stand_sit
1786611916.076782,stand_sit
1786611916.164520,stand_sit
1786611916.266908,stand_sit
1786611916.355432,stand_sit
1786611916.454463,stand_sit
1786611916.545480,stand_sit
1786611916.645272,stand_sit
1786611916.736168,stand_sit
1786611916.826862,stand_sit
1786611916.917289,stand_sit
1786611917.008403,stand_sit
1786611917.087742,stand_sit
1786611917.162719,stand_sit
1786611917.241157,stand_sit
1786611917.314712,stand_sit
1786611917.383268,stand_sit
1786611917.463098,stand_sit
1786611917.531970,stand_sit
1786611917.611934,stand_sit
1786611917.690606,stand_sit
1786611917.769228,stand_sit
1786611917.848573,stand_sit
1786611917.930042,stand_sit
1786611918.019427,stand_sit
1786611918.110955,stand_sit
1786611918.189315,stand_sit
1786611918.281228,stand_sit
1786611918.371447,stand_sit
1786611918.462056,stand_sit
1786611918.541084,stand_sit
1786611918.629086,stand_sit
1786611918.721348,stand_sit
1786611918.799537,stand_sit
1786611918.891378,stand_sit
1786611918.979479,stand_sit
1786611919.068541,stand_sit
1786611919.156336,stand_sit
1786611919.245893,stand_sit
1786611919.324925,stand_sit
1786611919.415413,stand_sit
1786611919.504400,stand_sit
1786611919.592058,stand_sit
1786611919.670458,stand_sit
1786611919.761119,stand_sit
1786611919.849161,stand_sit
1786611919.928050,stand_sit
1786611920.007150,stand_sit
1786611920.099486,stand_sit
1786611920.177027,stand_sit
1786611920.268761,stand_sit
1786611920.350218,stand_sit
1786611920.453293,stand_sit
1786611920.545627,stand_sit
1786611920.639071,stand_sit
1786611920.727774,stand_sit
1786611920.826776,stand_sit
1786611920.917872,stand_sit
1786611921.019790,stand_sit
1786611921.109264,stand_sit
1786611921.212569,stand_sit
1786611921.300373,stand_sit
1786611921.402002,stand_sit
1786611921.490258,stand_sit
1786611921.592330,stand_sit
1786611921.681237,stand_sit
1786611921.779542,stand_sit
1786611921.878966,stand_sit
1786611921.968182,stand_sit
1786611922.056768,stand_sit
1786611922.159233,stand_sit
1786611922.255125,stand_sit
1786611922.343943,stand_sit
1786611922.434041,stand_sit
1786611922.533087,stand_sit
1786611922.622255,stand_sit
1786611922.725295,stand_sit
1786611922.814623,stand_sit
1786611922.914352,stand_sit
1786611923.003396,stand_sit
1786611923.106924,stand_sit
1786611923.193825,stand_sit
1786611923.281720,stand_sit
1786611923.384797,stand_sit
1786611923.473224,stand_sit
1786611923.562531,stand_sit
1786611923.653056,stand_sit
1786611923.756927,stand_sit
1786611923.849896,stand_sit
1786611923.941723,stand_sit
1786611924.043768,stand_sit
1786611924.133156,stand_sit
1786611924.211489,stand_sit
1786611924.287147,stand_sit
1786611924.366097,stand_sit
1786611924.434061,stand_sit
1786611924.513237,stand_sit
1786611924.582345,stand_sit
1786611924.651633,stand_sit
1786611924.731596,stand_sit
1786611924.806613,stand_sit
1786611924.888074,stand_sit
1786611924.965542,stand_sit
1786611925.044075,stand_sit
1786611925.134183,stand_sit
1786611925.222512,stand_sit
1786611925.301077,stand_sit
1786611925.390820,stand_sit
1786611925.472476,stand_sit
1786611925.560967,stand_sit
1786611925.651350,stand_sit
1786611925.731430,stand_sit
1786611925.821633,stand_sit
1786611925.910045,stand_sit
1786611925.999201,stand_sit
1786611926.089846,stand_sit
1786611926.176226,stand_sit
1786611926.266640,stand_sit
1786611926.346957,stand_sit
1786611926.435568,stand_sit
1786611926.525045,stand_sit
1786611926.615715,stand_sit
1786611926.704146,stand_sit
1786611926.793653,stand_sit
1786611926.882228,stand_sit
1786611926.972231,stand_sit
1786611927.050433,stand_sit
1786611927.141458,stand_sit
1786611927.230512,stand_sit
1786611927.310310,stand_sit
1786611927.398825,stand_sit
1786611932.701700,free_5min
1786611932.781183,free_5min
1786611932.869604,free_5min
1786611932.948643,free_5min
1786611933.027779,free_5min
1786611933.117621,free_5min
1786611933.207718,free_5min
1786611933.281487,free_5min
1786611933.373793,free_5min
1786611933.465285,free_5min
1786611933.562386,free_5min
1786611933.654585,free_5min
1786611933.745786,free_5min
1786611933.845078,free_5min
1786611933.935278,free_5min
1786611934.024153,free_5min
1786611934.114388,free_5min
1786611934.205479,free_5min
1786611934.292523,free_5min
1786611934.382689,free_5min
1786611934.471799,free_5min
1786611934.562452,free_5min
1786611934.652404,free_5min
1786611934.754441,free_5min
1786611934.844148,free_5min
1786611934.936604,free_5min
1786611935.037757,free_5min
1786611935.125704,free_5min
1786611935.211537,free_5min
1786611935.299369,free_5min
