t_wallclock,label
1786622905.383763,0
1786622905.560167,0
1786622905.587362,0
1786622906.291193,0
1786622906.319119,0
1786622906.365595,0
1786622906.400269,0
1786622906.425374,0
1786622906.448821,0
1786622906.475191,0
1786622906.498876,1
1786622906.549369,1
1786622906.690694,1
1786622906.770595,1
1786622907.486807,1
1786622907.511626,1
1786622907.534623,1
1786622907.559260,1
1786622907.583526,1
1786622907.606450,1
1786622907.629818,1
1786622907.652743,1
1786622907.676910,1
1786622907.899931,1
1786622907.979220,1
1786622908.559251,1
1786622908.583409,1
1786622908.607070,1
1786622908.642024,1
1786622908.667497,1
1786622908.691656,1
1786622908.715051,1
1786622908.738601,1
1786622908.797014,1
1786622909.046852,1
1786622909.601534,1
1786622909.628225,1
1786622909.651658,1
1786622909.673860,1
1786622909.698071,1
1786622909.721292,1
1786622909.744197,1
1786622909.767445,1
1786622909.854054,1
1786622910.015868,1
1786622910.687372,1
1786622910.711334,1
1786622910.734293,1
1786622910.757919,1
1786622910.781390,1
1786622910.804424,1
1786622910.884216,1
1786622910.943924,1
1786622911.040580,1
1786622911.100567,1
1786622911.155556,1
1786622911.737689,1
1786622911.761375,1
1786622911.784609,1
1786622911.807524,1
1786622911.830530,1
1786622911.853580,1
1786622911.877122,1
1786622911.900200,1
1786622911.925647,1
1786622912.016373,1
1786622912.110948,1
1786622912.181036,1
1786622912.776644,1
1786622912.813386,1
1786622912.837883,1
1786622912.861259,1
1786622912.892269,1
1786622912.916184,1
1786622912.941910,1
1786622913.025892,1
1786622913.091738,1
1786622913.169677,1
1786622913.247374,1
1786622913.916015,1
1786622913.941349,1
1786622913.964773,1
1786622913.988887,1
1786622914.011423,1
1786622914.034521,1
1786622914.058279,1
1786622914.081596,1
1786622914.141326,1
1786622914.231533,1
1786622914.297944,1
1786622914.348748,1
1786622914.409123,1
1786622914.990504,1
1786622915.015756,1
1786622915.040973,1
1786622915.063993,1
1786622915.087184,1
1786622915.110906,1
1786622915.134485,1
1786622915.158602,1
1786622915.183359,1
1786622915.277079,1
1786622915.329749,1
1786622915.434004,1
1786622915.990799,1
1786622916.014448,1
1786622916.037484,1
1786622916.060665,1
1786622916.083947,1
1786622916.111510,1
1786622916.147717,1
1786622916.176863,1
1786622916.244668,1
1786622916.309737,1
1786622916.396078,1
1786622916.478836,1
1786622917.075037,1
1786622917.100326,1
1786622917.123566,1
1786622917.147243,1
1786622917.171243,1
1786622917.194886,1
1786622917.218325,1
1786622917.244611,1
1786622917.292545,1
1786622917.363518,1
1786622917.425718,1
1786622917.504179,1
1786622917.553106,1
1786622918.128280,1
1786622918.151191,1
1786622918.174263,1
1786622918.197139,1
1786622918.220573,1
1786622918.243630,1
1786622918.267144,1
1786622918.290477,1
1786622918.345850,1
1786622918.445480,1
1786622918.530089,1
1786622918.590153,1
1786622919.142049,1
1786622919.165898,1
1786622919.189927,1
1786622919.213607,1
1786622919.237349,1
1786622919.260770,1
1786622919.284099,1
1786622919.307485,1
1786622919.358735,1
1786622919.447159,1
1786622919.510909,1
1786622919.597772,1
1786622919.637831,1
1786622920.219008,1
1786622920.242031,1
1786622920.265311,1
1786622920.288470,1
1786622920.311348,1
1786622920.335165,1
1786622920.358218,1
1786622920.381706,1
1786622920.404922,1
1786622920.433178,1
1786622920.480748,1
1786622920.629811,1
1786622920.680207,1
1786622921.230579,1
1786622921.254059,1
1786622921.277851,1
1786622921.301292,1
1786622921.325180,1
1786622921.348435,1
1786622921.371983,1
1786622922.441070,1
1786622922.464094,1
1786622922.486661,1
1786622922.509036,1
1786622922.531978,1
1786622922.555296,1
1786622922.578914,1
1786622922.602396,1
1786622922.627466,1
1786622922.721594,1
1786622922.774189,1
1786622922.909199,1
1786622923.418727,1
1786622923.441943,1
1786622923.465056,1
1786622923.488118,1
1786622923.511521,1
1786622923.534734,1
1786622923.558359,1
1786622923.582192,1
1786622923.634702,1
1786622923.710565,1
1786622923.770836,1
1786622923.868349,1
1786622924.523808,1
1786622924.547069,1
1786622924.570481,1
1786622924.593496,1
1786622924.616568,1
1786622924.641164,1
1786622924.664677,1
1786622924.688247,1
1786622924.711829,1
1786622924.788599,1
1786622924.853761,1
1786622924.958688,1
1786622925.530090,1
1786622925.553808,1
1786622925.576935,1
1786622925.600247,1
1786622925.623412,1
1786622925.646678,2
1786622925.669959,1
1786622925.693889,1
1786622925.743308,1
1786622925.836505,1
1786622925.912434,1
1786622925.964153,1
1786622926.546176,1
1786622926.569249,1
1786622926.592622,1
1786622926.615708,1
1786622926.638755,1
1786622926.662116,1
1786622926.685374,1
1786622926.753990,1
1786622926.825961,1
1786622926.934778,1
1786622926.999732,1
1786622927.573309,1
1786622927.596600,1
1786622927.620062,1
1786622927.643389,1
1786622927.667039,1
1786622927.689882,1
1786622927.713557,1
1786622927.736913,1
1786622927.841203,1
1786622927.923285,1
1786622927.972412,2
1786622928.072528,2
1786622928.639028,2
1786622928.662294,2
1786622928.685315,2
1786622928.709089,1
1786622928.732281,1
1786622928.755454,1
1786622928.779419,1
1786622928.810964,1
1786622928.916324,1
1786622929.016428,1
1786622929.081794,1
1786622929.672683,1
1786622929.696050,1
1786622929.719728,1
1786622929.744017,1
1786622929.767171,1
1786622929.790252,1
1786622929.813967,1
1786622929.836946,1
1786622929.923400,1
1786622930.010836,1
1786622930.090583,1
1786622930.715727,1
1786622930.739189,1
1786622930.762198,1
1786622930.785584,1
1786622930.808840,1
1786622930.832290,1
1786622930.855617,1
1786622930.879187,1
1786622930.916718,1
1786622931.003369,1
1786622931.097491,1
1786622931.166797,1
1786622931.716031,1
1786622931.739615,1
1786622931.762801,1
1786622931.786100,1
1786622931.809702,1
1786622931.833081,1
1786622931.856563,1
1786622931.883493,1
1786622931.988806,1
1786622932.134239,1
1786622932.197748,2
1786622932.727798,2
1786622932.751497,2
1786622932.775054,2
1786622932.797170,0
1786622932.822916,0
1786622932.846087,0
1786622932.880486,0
1786622932.921916,0
1786622932.975862,0
1786622933.022482,0
1786622933.088925,0
1786622933.185346,2
1786622933.718675,2
1786622933.742426,2
1786622933.765889,2
1786622933.789628,2
1786622933.812976,2
1786622933.836998,2
1786622933.861525,2
1786622933.885134,2
1786622933.908373,1
1786622934.069991,2
1786622934.106285,2
1786622934.178251,2
1786622934.749710,2
1786622934.772917,2
1786622934.796383,2
1786622934.820187,2
1786622934.843834,2
1786622934.867307,2
1786622934.891566,2
1786622934.915628,2
1786622934.939664,2
1786622934.987373,2
1786622935.049798,2
1786622935.140309,2
1786622935.771663,2
1786622935.794814,2
1786622935.818407,2
1786622935.841919,2
1786622935.865945,2
1786622935.889576,2
1786622935.913383,2
1786622935.937037,2
1786622935.997491,2
1786622936.066692,2
1786622936.166705,2
1786622936.264225,2
1786622936.867321,1
1786622936.890907,1
1786622936.913944,2
1786622936.937353,2
1786622936.961372,2
1786622936.984739,2
1786622937.008625,2
1786622937.030190,0
1786622937.075119,0
1786622937.166573,0
1786622937.228081,0
1786622937.321711,0
1786622937.874895,0
1786622937.899065,0
1786622937.923250,0
1786622937.947052,1
1786622937.969405,0
1786622937.992989,0
1786622938.018183,0
1786622938.041081,0
1786622938.064764,0
1786622938.141026,0
1786622938.209386,0
1786622938.281696,0
1786622938.869175,0
1786622938.892518,1
1786622938.915655,1
1786622938.939082,1
1786622938.962777,1
1786622938.986518,1
1786622939.009723,1
1786622939.031272,0
1786622939.115382,0
1786622939.299379,0
1786622939.340822,0
1786622939.892268,0
1786622939.916275,0
1786622939.940069,0
1786622939.963439,0
1786622939.987660,0
1786622940.012085,0
1786622940.038008,3
1786622940.061493,3
1786622940.092285,3
1786622940.195543,3
1786622940.259915,3
1786622940.325231,3
1786622940.887375,4
1786622940.910883,4
1786622940.933809,4
1786622940.957140,4
1786622940.980791,4
1786622941.003399,4
1786622941.026537,4
1786622941.049651,4
1786622941.074311,4
1786622941.155589,4
1786622941.256251,4
1786622941.323555,4
1786622941.894371,4
1786622941.917501,4
1786622941.940613,4
1786622941.963858,4
1786622941.987177,4
1786622942.010476,4
1786622942.033749,4
1786622942.057047,4
1786622942.080106,4
1786622942.170455,4
1786622942.259697,4
1786622942.349794,4
1786622942.900228,1
1786622942.923703,1
1786622942.946673,1
1786622942.970058,1
1786622942.993190,1
1786622943.016805,1
1786622943.040242,1
1786622943.064014,1
1786622943.108484,1
1786622943.196749,1
1786622943.271493,1
1786622943.391105,1
1786622943.935114,4
1786622943.958122,4
1786622943.981451,4
1786622944.004178,4
1786622944.027544,4
1786622944.050084,4
1786622944.072940,4
1786622944.096296,4
1786622944.168138,4
1786622944.224595,4
1786622944.271117,4
1786622944.969293,4
1786622944.993182,4
1786622945.016413,4
1786622945.039824,4
1786622945.062987,4
1786622945.086618,4
1786622945.109764,4
1786622945.133332,4
1786622945.208185,4
1786622945.321929,4
1786622945.428233,4
1786622945.972455,4
1786622945.996220,4
1786622946.019773,4
1786622946.043189,4
1786622946.066429,4
1786622946.089608,4
1786622946.113241,4
1786622946.136455,4
1786622946.232729,4
1786622946.272563,4
1786622946.382630,4
1786622947.007070,4
1786622947.030587,4
1786622947.053591,4
1786622947.076993,4
1786622947.100408,4
1786622947.123925,4
1786622947.147834,4
1786622947.170921,4
1786622947.278610,4
1786622947.339940,4
1786622947.420011,4
1786622947.997026,3
1786622948.021089,3
1786622948.044228,3
1786622948.080731,3
1786622948.104736,3
1786622948.131014,3
1786622948.154593,3
1786622948.177547,3
1786622948.236268,3
1786622948.337902,3
1786622948.416587,3
1786622948.474834,3
1786622949.000018,3
1786622949.023393,3
1786622949.046922,3
1786622949.069854,3
1786622949.093254,3
1786622949.117391,3
1786622949.140874,3
1786622949.192386,3
1786622949.266513,3
1786622949.359425,3
1786622949.452943,3
1786622950.008342,3
1786622950.032128,3
1786622950.055977,3
1786622950.080275,3
1786622950.103857,3
1786622950.127906,3
1786622950.151905,3
1786622950.175968,3
1786622950.200107,3
1786622950.223496,3
1786622950.247699,3
1786622950.271522,3
1786622950.316657,3
1786622950.373593,3
1786622950.439081,3
1786622951.035586,4
1786622951.058113,4
1786622951.081030,4
1786622951.104281,4
1786622951.128211,4
1786622951.151744,4
1786622951.174807,4
1786622951.198530,4
1786622951.222045,4
1786622951.245262,4
1786622951.269121,4
1786622951.303301,4
1786622951.405201,4
1786622951.478130,4
1786622952.017446,3
1786622952.041162,3
1786622952.064691,3
1786622952.088546,3
1786622952.112365,3
1786622952.136551,3
1786622952.160081,3
1786622952.184531,3
1786622952.208385,3
1786622952.264412,3
1786622952.363278,3
1786622952.441802,3
1786622952.502413,3
1786622953.090797,4
1786622953.114452,4
1786622953.138393,4
1786622953.162177,4
1786622953.185905,4
1786622953.209415,4
1786622953.232950,4
1786622953.257273,4
1786622953.306616,4
1786622953.357839,4
1786622953.453949,4
1786622953.575004,4
1786622954.237306,4
1786622954.260658,4
1786622954.284109,4
1786622954.308271,4
1786622954.331748,4
1786622954.355044,4
1786622954.379008,4
1786622954.402494,4
1786622954.472545,4
1786622954.581149,4
1786622954.683779,4
1786622955.267615,2
1786622955.290521,2
1786622955.313399,2
1786622955.336858,2
1786622955.359929,2
1786622955.382955,2
1786622955.406974,2
1786622955.430563,2
1786622955.454234,1
1786622955.535053,1
1786622955.581119,1
1786622955.689096,1
1786622955.763834,1
1786622956.321551,4
1786622956.345300,4
1786622956.368273,4
1786622956.391685,4
1786622956.414966,4
1786622956.437877,4
1786622956.461470,4
1786622956.484805,4
1786622956.512924,4
1786622956.622490,4
1786622956.734063,4
1786622956.812540,4
1786622957.351374,4
1786622957.374917,4
1786622957.397883,4
1786622957.421317,4
1786622957.444343,4
1786622957.467368,4
1786622957.490759,4
1786622957.514140,4
1786622957.574527,4
1786622957.659703,4
1786622957.741672,4
1786622957.821368,4
1786622958.378395,1
1786622958.401757,1
1786622958.425033,1
1786622958.448695,1
1786622958.471979,1
1786622958.495704,1
1786622958.518971,1
1786622958.542584,1
1786622958.574631,1
1786622958.666995,1
1786622958.760471,1
1786622958.855354,1
1786622959.443526,4
1786622959.466839,4
1786622959.489695,4
1786622959.512667,4
1786622959.535517,4
1786622959.558672,4
1786622959.582129,4
1786622959.605690,4
1786622959.631865,4
1786622959.720906,4
1786622959.825113,4
1786622959.907592,4
1786622960.435932,3
1786622960.459312,3
1786622960.482201,3
1786622960.506060,3
1786622960.529210,3
1786622960.552972,3
1786622960.576104,3
1786622960.599505,3
1786622960.640808,3
1786622960.720715,3
1786622960.793080,3
1786622960.861765,3
1786622961.423113,3
1786622961.446320,3
1786622961.469576,3
1786622961.492801,3
1786622961.516183,3
1786622961.539630,3
1786622961.563000,3
1786622961.586775,3
1786622961.652050,3
1786622961.722380,3
1786622961.798685,3
1786622961.878038,3
1786622962.455380,4
1786622962.479249,4
1786622962.501934,4
1786622962.525386,4
1786622962.548706,4
1786622962.571806,4
1786622962.595485,4
1786622962.618154,4
1786622962.663246,4
1786622962.737138,4
1786622962.784718,4
1786622962.858692,4
1786622962.918879,4
1786622963.460562,1
1786622963.483988,1
1786622963.507533,1
1786622963.530555,1
1786622963.553443,1
1786622963.576589,1
1786622963.599822,1
1786622963.623027,1
1786622963.693054,1
1786622963.754297,1
1786622963.813474,1
1786622963.920868,1
1786622964.487546,3
1786622964.510534,3
1786622964.533703,3
1786622964.556869,3
1786622964.579764,3
1786622964.603216,3
1786622964.626483,3
1786622964.649568,3
1786622964.704443,3
1786622964.787501,3
1786622964.864230,3
1786622964.926281,3
1786622965.489720,4
1786622965.513037,4
1786622965.535573,4
1786622965.558666,4
1786622965.581809,4
1786622965.605272,4
1786622965.628339,4
1786622965.651772,4
1786622965.679144,4
1786622965.744687,4
1786622965.828967,4
1786622965.903934,4
1786622965.959138,4
1786622966.498531,4
1786622966.521970,4
1786622966.544778,4
1786622966.567988,4
1786622966.590898,4
1786622966.614226,4
1786622966.637514,4
1786622966.660707,4
1786622966.713608,4
1786622966.767556,4
1786622966.840543,4
1786622966.950784,4
1786622967.491142,4
1786622967.514860,4
1786622967.537965,4
1786622967.561277,4
1786622967.584600,4
1786622967.608134,4
1786622967.631260,4
1786622967.654613,4
1786622967.677551,4
1786622967.756251,4
1786622967.825241,4
1786622967.886734,4
1786622968.488070,1
1786622968.511057,1
1786622968.534330,1
1786622968.557450,1
1786622968.580513,1
1786622968.604325,1
1786622968.627539,1
1786622968.650982,1
1786622968.729384,1
1786622968.805019,1
1786622968.913768,1
1786622969.472777,3
1786622969.497864,3
1786622969.521711,3
1786622969.545386,3
1786622969.569828,3
1786622969.594715,3
1786622969.618570,3
1786622969.683383,3
1786622969.751972,3
1786622969.806709,0
1786622969.876220,0
1786622969.945970,0
1786622970.581067,0
1786622970.604896,0
1786622970.628886,0
1786622970.650399,0
1786622970.668254,0
1786622970.686192,0
1786622970.704722,0
1786622970.723079,0
1786622970.746712,0
1786622970.813016,0
1786622970.935153,0
1786622971.015757,0
1786622971.091040,0
1786622971.161551,0
1786622971.227292,0
1786622971.364925,0
1786622971.429498,0
1786622971.561633,0
1786622971.614535,0
1786622971.668639,0
1786622971.727073,0
1786622971.811736,0
1786622971.884611,0
1786622971.946855,0
1786622972.065216,0
1786622972.172737,0
1786622972.243819,0
1786622972.329968,0
1786622972.428899,0
1786622972.508437,0
1786622972.599616,0
1786622972.666166,0
1786622972.739774,0
1786622972.817374,0
1786622972.890443,0
1786622973.101468,0
1786622973.151040,0
1786622973.257664,0
1786622973.321731,0
1786622973.431253,0
1786622973.489650,0
1786622973.597617,0
1786622973.680083,0
1786622973.771307,0
1786622973.858997,0
1786622973.955765,0
1786622974.046523,0
1786622974.083887,0
1786622974.208830,0
1786622974.255350,0
1786622974.311471,0
1786622974.397486,0
1786622974.443032,0
1786622974.501696,0
1786622974.569072,0
1786622974.688040,0
1786622974.787069,0
1786622974.869371,0
1786622974.962922,0
1786622975.027176,0
1786622975.122839,0
1786622975.192412,0
1786622975.266821,0
1786622975.347707,0
1786622975.446269,0
1786622976.004421,0
1786622976.026274,0
1786622976.051605,0
1786622976.075590,0
1786622976.097513,0
1786622976.115176,0
1786622976.133672,0
1786622976.159777,0
1786622976.193453,0
1786622976.285176,0
1786622976.372807,0
1786622976.477337,0
1786622976.580770,0
1786622976.641148,0
1786622976.745740,0
1786622976.809184,0
1786622976.902489,0
1786622977.034064,0
1786622977.168521,0
1786622977.250022,0
1786622977.320444,0
1786622977.432494,0
1786622977.510027,0
1786622977.610725,0
1786622977.660359,0
1786622977.724303,0
1786622977.806845,0
1786622977.839293,0
1786622977.889271,0
1786622977.960944,0
1786622978.028650,0
1786622978.075345,0
1786622978.146714,0
1786622978.215744,0
1786622978.279870,0
1786622978.325437,0
1786622978.398302,0
1786622978.441429,0
1786622978.503358,0
1786622978.558064,0
1786622978.607186,0
1786622978.659275,0
1786622978.719967,0
1786622978.802042,0
1786622978.874709,0
1786622978.933771,0
1786622979.017175,0
1786622979.072843,0
1786622979.120033,0
1786622979.226162,0
1786622979.266023,0
1786622979.326081,0
1786622979.428008,0
1786622979.516686,0
1786622979.595550,0
1786622979.681232,0
1786622979.734436,0
1786622979.797346,0
1786622979.844651,0
1786622979.904152,0
1786622979.962781,0
1786622980.066420,0
1786622980.150619,0
1786622980.222580,0
1786622980.301611,0
1786622980.331513,0
1786622980.417925,0
1786622980.521179,0
1786622980.623299,0
1786622980.685592,0
1786622980.736010,0
1786622980.807759,0
1786622980.854798,0
1786622980.920939,0
1786622980.983654,0
1786622981.056682,0
1786622981.134161,0
1786622981.205979,0
1786622981.286442,0
1786622981.370236,0
1786622981.451672,0
1786622981.511096,0
1786622981.596740,0
1786622981.654833,0
1786622981.723632,0
1786622981.784314,0
1786622981.864234,0
1786622981.921928,0
1786622981.966721,0
1786622982.048011,0
1786622982.121963,0
1786622982.193246,0
1786622982.266385,0
1786622982.321562,0
1786622982.402410,0
1786622982.502071,0
1786622982.552171,0
1786622982.634237,0
1786622982.690255,0
1786622982.791574,0
1786622982.851279,0
1786622982.914198,0
1786622982.968318,0
1786622983.037582,0
1786622983.108988,0
1786622983.152497,0
1786622983.250288,0
1786622983.310358,0
1786622983.375118,0
1786622983.442092,0
1786622983.479751,0
1786622983.551970,0
1786622983.626051,0
1786622983.694865,0
1786622983.768507,0
1786622983.849111,0
1786622983.953028,0
1786622983.993962,0
1786622984.055627,0
1786622984.134420,0
1786622984.187244,0
1786622984.284343,0
1786622984.362471,0
1786622984.422840,0
1786622984.512124,0
1786622984.553138,0
1786622984.604210,0
1786622984.681011,0
1786622984.753703,0
1786622984.819702,0
1786622984.881058,0
1786622984.983299,0
1786622985.020625,0
1786622985.090759,0
1786622985.173370,0
1786622985.221588,0
1786622985.303371,0
1786622985.369370,0
1786622985.438779,0
1786622985.493449,0
1786622985.557792,0
1786622985.650327,0
1786622985.702312,0
1786622985.770710,0
1786622985.837416,0
1786622985.919274,0
1786622985.997084,0
1786622986.075120,0
1786622986.121915,0
1786622986.189455,0
1786622986.284170,0
1786622986.338308,0
1786622986.439439,0
1786622986.517198,0
1786622986.596211,0
1786622986.656495,0
1786622986.735204,0
1786622986.798522,0
1786622986.882118,0
1786622986.943455,0
1786622987.010650,0
1786622987.076143,0
1786622987.125611,0
1786622987.181739,0
1786622987.225131,0
1786622987.292341,0
1786622987.347875,0
1786622987.437207,0
1786622987.508822,0
1786622987.594728,0
1786622987.666264,0
1786622987.724292,0
1786622987.797067,0
1786622987.840318,0
1786622987.937586,0
1786622988.003583,0
1786622988.097350,0
1786622988.165825,0
1786622988.228815,0
1786622988.322417,0
1786622988.391030,0
1786622988.448735,0
1786622988.498729,0
1786622988.600143,0
1786622988.661559,0
1786622988.741520,0
1786622988.820124,0
1786622988.879636,0
1786622988.947496,0
1786622989.032736,0
1786622989.104227,0
1786622989.194578,0
1786622989.249761,0
1786622989.347347,0
1786622989.398323,0
1786622989.483881,0
1786622989.577186,0
1786622989.677330,0
1786622989.740063,0
1786622989.801314,0
1786622989.894049,0
1786622989.961239,0
1786622990.038716,0
1786622990.094214,0
1786622990.183887,0
1786622990.271109,0
1786622990.350018,0
1786622990.415695,0
1786622990.481387,0
1786622990.525094,0
1786622990.622172,0
1786622990.666994,0
1786622990.781210,0
1786622990.869514,0
1786622990.949999,0
1786622991.038801,0
1786622991.112239,0
1786622991.176081,0
1786622991.257807,0
1786622991.316862,0
1786622991.402997,0
1786622991.458095,0
1786622991.529748,0
1786622991.598777,0
1786622991.674661,0
1786622991.730399,0
1786622991.807146,0
1786622991.876291,0
1786622991.942954,0
1786622991.991298,0
1786622992.072040,0
1786622992.192307,0
1786622992.233992,0
1786622992.292084,0
1786622992.362034,0
1786622992.465324,0
1786622992.535370,0
1786622992.619343,0
1786622992.679669,0
1786622992.774026,0
1786622992.817076,0
1786622992.900423,0
1786622992.962594,0
1786622993.058595,0
1786622993.106080,0
1786622993.159430,0
1786622993.269514,0
1786622993.304411,0
1786622993.350571,0
1786622993.415498,0
1786622993.478683,0
1786622993.525475,0
1786622993.660150,0
1786622993.699739,0
1786622993.758437,0
1786622993.797385,0
1786622993.894830,0
1786622993.991104,0
1786622994.063118,0
1786622994.103569,0
1786622994.662772,0
1786622994.684358,0
1786622994.707780,0
1786622994.736264,0
1786622994.760154,0
1786622994.785737,0
1786622994.809615,0
1786622994.833357,0
1786622994.898503,0
1786622994.957552,0
1786622995.077287,0
1786622995.162141,0
1786622995.701850,2
1786622995.727878,2
1786622995.753253,2
1786622995.777024,2
1786622995.803871,1
1786622995.827791,1
1786622995.850864,1
1786622995.912823,2
1786622995.988624,2
1786622996.099061,2
1786622996.186398,2
1786622996.724546,2
1786622996.748225,2
1786622996.771438,2
1786622996.795053,1
1786622996.818060,1
1786622996.841411,1
1786622996.864681,1
1786622996.888748,1
1786622996.912090,1
1786622996.986572,1
1786622997.079930,1
1786622997.204103,1
1786622997.785343,1
1786622997.809541,1
1786622997.833080,1
1786622997.856262,1
1786622997.879802,1
1786622997.903001,1
1786622997.928826,1
1786622998.010883,1
1786622998.099861,1
1786622998.184029,1
1786622998.237015,1
1786622998.868236,1
1786622998.894540,1
1786622998.919098,1
1786622998.942678,1
1786622998.966104,1
1786622998.989272,1
1786622999.012604,1
1786622999.036254,1
1786622999.085247,1
1786622999.177938,1
1786622999.266499,1
1786622999.359584,1
1786622999.974883,4
1786622999.998992,4
1786623000.022549,4
1786623000.055294,4
1786623000.079265,4
1786623000.104931,4
1786623000.128430,4
1786623000.202659,4
1786623000.347208,4
1786623000.434532,4
1786623001.057416,3
1786623001.080963,3
1786623001.104429,3
1786623001.127972,3
1786623001.151605,3
1786623001.174703,3
1786623001.221720,3
1786623001.299737,3
1786623001.409433,3
1786623001.475271,3
1786623001.534306,3
1786623002.113280,4
1786623002.136634,4
1786623002.159506,4
1786623002.182874,4
1786623002.206381,4
1786623002.229717,4
1786623002.288713,4
1786623002.365550,4
1786623002.454894,4
1786623002.610486,4
1786623003.313503,1
1786623003.336712,1
1786623003.359598,1
1786623003.382411,1
1786623003.406093,1
1786623003.429217,1
1786623003.452256,1
1786623003.475553,1
1786623003.519955,1
1786623003.629357,1
1786623003.722600,1
1786623004.334667,1
1786623004.357550,1
1786623004.381305,1
1786623004.404677,1
1786623004.428058,1
1786623004.452003,1
1786623004.475005,1
1786623004.498689,1
1786623004.592830,1
1786623004.689505,1
1786623004.824117,1
1786623005.387685,1
1786623005.411070,1
1786623005.433858,1
1786623005.457227,1
1786623005.480504,1
1786623005.503789,1
1786623005.606940,1
1786623005.687944,1
1786623005.788145,1
1786623006.406979,1
1786623006.430541,1
1786623006.454025,1
1786623006.477332,1
1786623006.500517,1
1786623006.523844,1
1786623006.563142,1
1786623006.670909,1
1786623006.741615,1
1786623006.898923,1
1786623007.471899,1
1786623007.495699,1
1786623007.519099,1
1786623007.542519,1
1786623007.565649,1
1786623007.589226,1
1786623007.612721,1
1786623007.692280,1
1786623007.768619,1
1786623007.879810,1
1786623008.475167,1
1786623008.499240,1
1786623008.522938,1
1786623008.546237,1
1786623008.569621,1
1786623008.593124,1
1786623008.628251,1
1786623008.745832,1
1786623008.830994,1
1786623009.563189,1
1786623009.587172,1
1786623009.611574,1
1786623009.636036,1
1786623009.661848,1
1786623009.688416,1
1786623009.712501,1
1786623009.736389,1
1786623009.780782,1
1786623009.890032,1
1786623009.958323,1
1786623010.569462,4
1786623010.593050,4
1786623010.617184,4
1786623010.640251,4
1786623010.663748,4
1786623010.691180,4
1786623010.802498,4
1786623010.899471,4
1786623011.051311,4
1786623011.719009,1
1786623011.742297,1
1786623011.765324,1
1786623011.788812,1
1786623011.812130,1
1786623011.835448,1
1786623011.858910,1
1786623011.896556,1
1786623011.982528,1
1786623012.132902,1
1786623012.717084,3
1786623012.740769,3
1786623012.764397,3
1786623012.787645,3
1786623012.811451,3
1786623012.879879,3
1786623012.994170,3
1786623013.080977,3
1786623013.172733,3
1786623013.757992,3
1786623013.781452,3
1786623013.804448,3
1786623013.828002,3
1786623013.851704,3
1786623013.875087,3
1786623013.914838,3
1786623014.049505,3
1786623014.169537,3
1786623014.835723,1
1786623014.858837,1
1786623014.882111,1
1786623014.905574,1
1786623014.929375,1
1786623014.952094,1
1786623014.974914,1
1786623015.210167,1
1786623015.288965,1
1786623015.931374,3
1786623015.954617,3
1786623015.977756,3
1786623016.001234,3
1786623016.024609,3
1786623016.048784,3
1786623016.072179,3
1786623016.110889,3
1786623016.157727,3
1786623016.271634,3
1786623016.331873,3
1786623016.406238,3
1786623016.942985,4
1786623016.966281,4
1786623016.989268,4
1786623017.012917,4
1786623017.036284,4
1786623017.060091,4
1786623017.083345,4
1786623017.107247,4
1786623017.166763,4
1786623017.241536,4
1786623017.362218,4
1786623018.056072,3
1786623018.079216,3
1786623018.102331,3
1786623018.126005,3
1786623018.149746,3
1786623018.173293,3
1786623018.197087,3
1786623018.220378,3
1786623018.244144,3
1786623018.354122,3
1786623018.482454,3
1786623019.052794,3
1786623019.076514,3
1786623019.099652,3
1786623019.122972,3
1786623019.146558,3
1786623019.170107,3
1786623019.194062,3
1786623019.217758,3
1786623019.241571,3
1786623019.345715,3
1786623019.400883,3
1786623019.474408,3
1786623019.540952,3
1786623020.095186,3
1786623020.118530,3
1786623020.142207,3
1786623020.165684,3
1786623020.189168,3
1786623020.212566,3
1786623020.236641,3
1786623020.260072,3
1786623020.365176,3
1786623020.465482,3
1786623020.515996,3
1786623021.080589,3
1786623021.104119,3
1786623021.126912,3
1786623021.150419,3
1786623021.174009,3
1786623021.198062,3
1786623021.219813,0
1786623021.379754,0
1786623021.483899,0
1786623021.544805,0
1786623022.087068,0
1786623022.110861,0
1786623022.134499,0
1786623022.158894,0
1786623022.182580,0
1786623022.217607,0
1786623022.293898,3
1786623022.381802,3
1786623022.471082,3
1786623022.563322,3
1786623023.128210,3
1786623023.152210,3
1786623023.175556,3
1786623023.198427,3
1786623023.221793,3
1786623023.245390,3
1786623023.268633,3
1786623023.291957,3
1786623023.330773,3
1786623023.497688,3
1786623023.570591,3
1786623023.652210,0
1786623024.194421,0
1786623024.217908,0
1786623024.241133,0
1786623024.264731,0
1786623024.288897,0
1786623024.312704,0
1786623024.336061,0
1786623024.359705,3
1786623024.425097,3
1786623024.488401,3
1786623024.617528,3
1786623024.670872,3
1786623025.238652,2
1786623025.262345,2
1786623025.285389,2
1786623025.309030,2
1786623025.332528,2
1786623025.355609,2
1786623025.378952,1
1786623025.402220,1
1786623025.425609,1
1786623025.577259,2
1786623025.633520,2
1786623025.708787,2
1786623026.254559,4
1786623026.277670,4
1786623026.300879,4
1786623026.324559,4
1786623026.348589,4
1786623026.371806,4
1786623026.395298,4
1786623026.419059,4
1786623026.457602,4
1786623026.598735,4
1786623026.649107,4
1786623027.301453,4
1786623027.324938,4
1786623027.348607,4
1786623027.385973,4
1786623027.409628,4
1786623027.436542,4
1786623027.459848,4
1786623027.483831,4
1786623027.517033,4
1786623027.709832,4
1786623027.774101,4
1786623028.368207,4
1786623028.392500,4
1786623028.416457,4
1786623028.440360,4
1786623028.463702,4
1786623028.487973,4
1786623028.511427,4
1786623028.535099,4
1786623028.604404,4
1786623028.717659,4
1786623028.802867,4
1786623029.356013,4
1786623029.379698,4
1786623029.403584,4
1786623029.427326,4
1786623029.450588,4
1786623029.473925,4
1786623029.497063,4
1786623029.520548,4
1786623029.543980,4
1786623029.610977,4
1786623029.682656,4
1786623029.800982,4
1786623030.375923,4
1786623030.399368,4
1786623030.422276,4
1786623030.446115,4
1786623030.469791,4
1786623030.493189,4
1786623030.517144,4
1786623030.540714,4
1786623030.564242,4
1786623030.587773,4
1786623030.647785,4
1786623030.723181,4
1786623030.765135,4
1786623030.831704,4
1786623030.866511,4
1786623031.387305,1
1786623031.410869,1
1786623031.433673,1
1786623031.456915,1
1786623031.480527,1
1786623031.503892,1
1786623031.527661,1
1786623031.551057,1
1786623031.574827,1
1786623031.606950,1
1786623031.662751,1
1786623031.705769,1
1786623031.770805,1
1786623031.880148,1
1786623032.411453,1
1786623032.434675,1
1786623032.458070,1
1786623032.481214,1
1786623032.504626,1
1786623032.527739,1
1786623032.550807,1
1786623032.573700,1
1786623032.666289,1
1786623032.745327,1
1786623032.820094,1
1786623032.855938,1
1786623032.896580,1
1786623033.491031,3
1786623033.514872,3
1786623033.539047,3
1786623033.562705,3
1786623033.586000,3
1786623033.609689,3
1786623033.633138,3
1786623033.657161,3
1786623033.713830,3
1786623033.804030,3
1786623033.871802,3
1786623033.924874,3
1786623033.986037,3
1786623034.556532,4
1786623034.579759,4
1786623034.603643,4
1786623034.627128,4
1786623034.650430,4
1786623034.673908,4
1786623034.697860,4
1786623034.720597,4
1786623034.752765,4
1786623034.818490,4
1786623034.895403,4
1786623034.985532,4
1786623035.042333,4
1786623035.612361,4
1786623035.636127,4
1786623035.660084,4
1786623035.683407,4
1786623035.706766,4
1786623035.730833,4
1786623035.754921,4
1786623035.822812,4
1786623035.918272,4
1786623035.961982,4
1786623036.049869,4
1786623036.605732,4
1786623036.629323,4
1786623036.652821,4
1786623036.676556,4
1786623036.700114,4
1786623036.723719,4
1786623036.747422,4
1786623036.771120,4
1786623036.842498,4
1786623036.931710,4
1786623037.092575,4
1786623037.638043,4
1786623037.661290,4
1786623037.684498,4
1786623037.707931,4
1786623037.731591,4
1786623037.755319,4
1786623037.778510,4
1786623037.833912,4
1786623037.932888,4
1786623037.985618,4
1786623038.054364,4
1786623038.134762,4
1786623038.751844,4
1786623038.775251,4
1786623038.798666,4
1786623038.821754,4
1786623038.845104,4
1786623038.868380,4
1786623038.892276,4
1786623038.918416,4
1786623039.026026,4
1786623039.080450,4
1786623039.189218,4
1786623039.762024,4
1786623039.785735,4
1786623039.809272,4
1786623039.832549,4
1786623039.855968,4
1786623039.879683,4
1786623039.903399,4
1786623039.926888,4
1786623040.012187,4
1786623040.075246,4
1786623040.183601,4
1786623040.752868,4
1786623040.776557,4
1786623040.800006,4
1786623040.823326,4
1786623040.846702,4
1786623040.870416,4
1786623040.893950,4
1786623040.945873,4
1786623041.044814,4
1786623041.150422,4
1786623041.207654,4
1786623041.767716,1
1786623041.791120,1
1786623041.814957,1
1786623041.838539,1
1786623041.861793,1
1786623041.885110,1
1786623041.908294,1
1786623041.962650,1
1786623042.010025,1
1786623042.102307,1
1786623042.144482,1
1786623042.209509,1
1786623042.248789,1
1786623042.798748,4
1786623042.822081,4
1786623042.845348,4
1786623042.868094,4
1786623042.891372,4
1786623042.914737,4
1786623042.937798,4
1786623042.968378,4
1786623043.043933,4
1786623043.120394,4
1786623043.206669,4
1786623043.787608,1
1786623043.811342,1
1786623043.834760,1
1786623043.858315,1
1786623043.881711,1
1786623043.905778,1
1786623043.931553,1
1786623044.055179,1
1786623044.136543,1
1786623044.196994,1
1786623044.849122,1
1786623044.872652,1
1786623044.895583,1
1786623044.919458,1
1786623044.943156,1
1786623044.966422,1
1786623044.989524,1
1786623045.012926,1
1786623045.090525,1
1786623045.208295,1
1786623045.289279,1
1786623045.917590,1
1786623045.941342,1
1786623045.964966,1
1786623045.987734,1
1786623046.011702,1
1786623046.035182,1
1786623046.058820,1
1786623046.082128,1
1786623046.152874,1
1786623046.201227,1
1786623046.258769,1
1786623046.335642,1
1786623046.994517,1
1786623047.018016,1
1786623047.041206,1
1786623047.065273,1
1786623047.088788,1
1786623047.112468,1
1786623047.136229,1
1786623047.166126,1
1786623047.243396,1
1786623047.340266,1
1786623047.426551,1
1786623048.015776,1
1786623048.039051,1
1786623048.062223,1
1786623048.085375,1
1786623048.108790,1
1786623048.131913,1
1786623048.155288,1
1786623048.232006,1
1786623048.295546,1
1786623048.347956,1
1786623048.442104,1
1786623048.995046,1
1786623049.018343,1
1786623049.041574,1
1786623049.064727,1
1786623049.088026,1
1786623049.111562,1
1786623049.135698,1
1786623049.159387,1
1786623049.265985,1
1786623049.395555,1
1786623049.458382,1
1786623050.027806,1
1786623050.050863,1
1786623050.074251,1
1786623050.097698,1
1786623050.121923,1
1786623050.144988,1
1786623050.168521,1
1786623050.203147,1
1786623050.285226,1
1786623050.355313,1
1786623050.425770,1
1786623050.521852,1
1786623051.073918,4
1786623051.097590,4
1786623051.120847,4
1786623051.144519,4
1786623051.168284,4
1786623051.192104,4
1786623051.216027,4
1786623051.239813,4
1786623051.263362,4
1786623051.398541,4
1786623051.444764,4
1786623051.504830,4
1786623051.564922,4
1786623052.110230,3
1786623052.133903,3
1786623052.157603,3
1786623052.181598,3
1786623052.205565,3
1786623052.229203,3
1786623052.253182,3
1786623052.276680,3
1786623052.312845,3
1786623052.388952,3
1786623052.475316,3
1786623052.547474,3
1786623053.111581,3
1786623053.135652,3
1786623053.159119,3
1786623053.182756,3
1786623053.206199,3
1786623053.229942,3
1786623053.254062,3
1786623053.281253,3
1786623053.325899,3
1786623053.392688,3
1786623053.459318,3
1786623053.528210,3
1786623053.599220,3
1786623054.151773,3
1786623054.174453,3
1786623054.198022,3
1786623054.221596,3
1786623054.244927,3
1786623054.268414,3
1786623054.290546,3
1786623054.313810,3
1786623054.336691,3
1786623054.412488,3
1786623054.486952,3
1786623054.637332,3
1786623055.187478,3
1786623055.211095,3
1786623055.234282,3
1786623055.257578,3
1786623055.280794,3
1786623055.304159,3
1786623055.329911,3
1786623055.416763,3
1786623055.671027,3
1786623056.212637,3
1786623056.236589,3
1786623056.260025,3
1786623056.283204,3
1786623056.307025,3
1786623056.330380,3
1786623056.353983,3
1786623056.377891,3
1786623056.401630,3
1786623056.463262,3
1786623056.508744,3
1786623056.544714,3
1786623056.619641,3
1786623056.650723,3
1786623057.225596,3
1786623057.249240,3
1786623057.272560,3
1786623057.296158,3
1786623057.319722,3
1786623057.343308,3
1786623057.367101,3
1786623057.391010,3
1786623057.436801,3
1786623057.506252,3
1786623057.567456,3
1786623057.697551,3
1786623057.788060,0
1786623057.903777,0
1786623058.490239,0
1786623058.512712,0
1786623058.530860,0
1786623058.549986,0
1786623058.568419,0
1786623058.587361,0
1786623058.605252,0
1786623058.656033,0
1786623058.831702,0
1786623058.902382,0
1786623058.952097,0
1786623059.015464,0
1786623059.175449,0
1786623059.216307,0
1786623059.263629,0
1786623059.327677,0
1786623059.416090,0
1786623059.483958,0
1786623059.560108,0
1786623059.619308,0
1786623059.677199,0
1786623059.756060,0
1786623059.806805,0
1786623059.881652,0
1786623059.977862,0
1786623060.074810,0
1786623060.164017,0
1786623060.220437,0
1786623060.295642,0
1786623060.349170,0
1786623060.441939,0
1786623060.505876,0
1786623060.587819,0
1786623060.675134,0
1786623060.754645,0
1786623060.869702,0
1786623060.944585,0
1786623061.050537,0
1786623061.109035,0
1786623061.167822,0
1786623061.221524,0
1786623061.259905,0
1786623061.334188,0
1786623061.433095,0
1786623061.510882,0
1786623061.595784,0
1786623061.669334,0
1786623061.751032,0
1786623061.803783,0
1786623061.893509,0
1786623061.983439,0
1786623062.070975,0
1786623062.128448,0
1786623062.189007,0
1786623062.292436,0
1786623062.363305,0
1786623062.439644,0
1786623062.511892,0
1786623062.573577,0
1786623062.636171,0
1786623062.699721,0
1786623062.746049,0
1786623062.811019,0
1786623062.881256,0
1786623062.973084,0
1786623063.066960,0
1786623063.117576,0
1786623063.186375,0
1786623063.266066,0
1786623063.368262,0
1786623063.470351,0
1786623063.525471,0
1786623063.575409,0
1786623063.653425,0
1786623063.719848,0
1786623063.791700,0
1786623063.840289,0
1786623063.920461,0
1786623063.975659,0
1786623064.029059,0
1786623064.083307,0
1786623064.161518,0
1786623064.228751,0
1786623064.288824,0
1786623064.345549,0
1786623064.434857,0
1786623064.473151,0
1786623064.540361,0
1786623064.590107,0
1786623064.665269,0
1786623064.719443,0
1786623064.785430,0
1786623064.868119,0
1786623064.962877,0
1786623065.027437,0
1786623065.092036,0
1786623065.166427,0
1786623065.303629,0
1786623065.347390,0
1786623065.407897,0
1786623065.469659,0
1786623065.531437,0
1786623065.620021,0
1786623065.723635,0
1786623065.788085,0
1786623065.885507,0
1786623065.968206,0
1786623066.024654,0
1786623066.085088,0
1786623066.125035,0
1786623066.198287,0
1786623066.255339,0
1786623066.322087,0
1786623066.383814,0
1786623066.443338,0
1786623066.504570,0
1786623066.591606,0
1786623066.661699,0
1786623066.761157,0
1786623066.818408,0
1786623066.874572,0
1786623066.937690,0
1786623066.992882,0
1786623067.060284,0
1786623067.106185,0
1786623067.171054,0
1786623067.269250,0
1786623067.363076,0
1786623067.432548,0
1786623067.512296,0
1786623067.605071,0
1786623067.700967,0
1786623067.793579,0
1786623067.844928,0
1786623067.910171,0
1786623067.972977,0
1786623068.030139,0
1786623068.077872,0
1786623068.170594,0
1786623068.308769,0
1786623068.370578,0
1786623068.430161,0
1786623068.529601,0
1786623068.617707,0
1786623068.654007,0
1786623068.720266,0
1786623068.775578,0
1786623068.856808,0
1786623068.922102,0
1786623068.975308,0
1786623069.048350,0
1786623069.149861,0
1786623069.190631,0
1786623069.279134,0
1786623069.346862,0
1786623069.409270,0
1786623069.474495,0
1786623069.558293,0
1786623069.610526,0
1786623069.655565,0
1786623069.696285,0
1786623069.761399,0
1786623069.800944,0
1786623069.882906,0
1786623069.946406,0
1786623070.002714,0
1786623070.079875,0
1786623070.120000,0
1786623070.202142,0
1786623070.256067,0
1786623070.321178,0
1786623070.414809,0
1786623070.496894,0
1786623070.562208,0
1786623070.632260,0
1786623070.731916,0
1786623070.788721,0
1786623070.860905,0
1786623070.910875,0
1786623070.992178,0
1786623071.054408,0
1786623071.143464,0
1786623071.230944,0
1786623071.278289,0
1786623071.383331,0
1786623071.482911,0
1786623071.560558,0
1786623071.607282,0
1786623071.681961,0
1786623071.763768,0
1786623071.808862,0
1786623071.865442,0
1786623071.929169,0
1786623072.007998,0
1786623072.065735,0
1786623072.155128,0
1786623072.241331,0
1786623072.331963,0
1786623072.396414,0
1786623072.456327,0
1786623072.520446,0
1786623072.585648,0
1786623072.648114,0
1786623072.710065,0
1786623072.783719,0
1786623072.864700,0
1786623072.952385,0
1786623073.043105,0
1786623073.224811,0
1786623073.304243,0
1786623073.369307,0
1786623073.417060,0
1786623073.493489,0
1786623073.597315,0
1786623073.734999,0
1786623073.803790,0
1786623073.880541,0
1786623074.005394,0
1786623074.030853,0
1786623074.163759,0
1786623074.234247,0
1786623074.301489,0
1786623074.421724,0
1786623074.562430,0
1786623074.621631,0
1786623074.663366,0
1786623074.744612,0
1786623074.784004,0
1786623074.845186,0
1786623074.943863,0
1786623075.055197,0
1786623075.103754,0
1786623075.136802,0
1786623075.182406,0
1786623075.316765,0
1786623075.356311,0
1786623075.415734,0
1786623075.538629,0
1786623075.569703,0
1786623075.646767,0
1786623075.700440,0
1786623075.747765,0
1786623075.810702,0
1786623075.898126,0
1786623076.424241,0
1786623076.447884,0
1786623076.471240,0
1786623076.494981,0
1786623076.519192,0
1786623076.543450,0
1786623076.568083,0
1786623076.592059,3
1786623076.616034,3
1786623076.681980,3
1786623076.733087,3
1786623076.841818,3
1786623076.906363,3
1786623077.535706,4
1786623077.559287,4
1786623077.582675,4
1786623077.605950,4
1786623077.629570,4
1786623077.652760,4
1786623077.676328,4
1786623077.700342,4
1786623077.724243,4
1786623077.781229,4
1786623077.851576,4
1786623077.938547,4
1786623078.009213,4
1786623078.553009,1
1786623078.576596,2
1786623078.600249,2
1786623078.623704,2
1786623078.647355,2
1786623078.671164,2
1786623078.693556,2
1786623078.717395,2
1786623078.751830,2
1786623078.884075,1
1786623079.568658,1
1786623079.595995,1
1786623079.619264,1
1786623079.642889,1
1786623079.666006,1
1786623079.689616,1
1786623079.713120,1
1786623079.736601,1
1786623079.760086,1
1786623079.878732,1
1786623079.967416,1
1786623080.605813,1
1786623080.629387,1
1786623080.652921,1
1786623080.676197,1
1786623080.698835,1
1786623080.722993,1
1786623080.801513,1
1786623081.005919,1
1786623081.632748,1
1786623081.656597,1
1786623081.680075,1
1786623081.703805,1
1786623081.748717,1
1786623081.885156,1
1786623081.973796,1
1786623082.066524,1
1786623082.126329,1
1786623082.731166,1
1786623082.754607,2
1786623082.777445,2
1786623082.801092,2
1786623082.824220,2
1786623082.847649,2
1786623082.916149,2
1786623083.032481,2
1786623083.108230,2
1786623083.212204,2
1786623083.867268,4
1786623083.890762,4
1786623083.913957,4
1786623083.937288,4
1786623083.960612,4
1786623083.984468,4
1786623084.051738,4
1786623084.135986,4
1786623084.231940,4
1786623084.381279,0
1786623085.004131,0
1786623085.026691,0
1786623085.050543,0
1786623085.074481,0
1786623085.098277,0
1786623085.122061,0
1786623085.145457,0
1786623085.193060,3
1786623085.274179,3
1786623085.374941,3
1786623085.455438,3
1786623086.108308,2
1786623086.130311,0
1786623086.147986,0
1786623086.165757,0
1786623086.184147,0
1786623086.202598,0
1786623086.220644,0
1786623086.239045,0
1786623086.292504,0
1786623086.361706,0
1786623086.437421,0
1786623086.525815,0
1786623086.587208,0
1786623087.130441,0
1786623087.153929,0
1786623087.177388,0
1786623087.201171,0
1786623087.225268,0
1786623087.248857,2
1786623087.272403,2
1786623087.296455,2
1786623087.320608,2
1786623087.374323,2
1786623087.502663,2
1786623087.598888,0
1786623088.196400,0
1786623088.220575,0
1786623088.244941,0
1786623088.268878,0
1786623088.292834,0
1786623088.316920,0
1786623088.340366,0
1786623088.396533,3
1786623088.483318,0
1786623088.557166,0
1786623088.631074,0
1786623088.679383,0
1786623088.759190,0
1786623088.871843,0
1786623088.962047,0
1786623089.504330,0
1786623089.528946,0
1786623089.552385,0
1786623089.576120,0
1786623089.599504,0
1786623089.623096,0
1786623089.646813,0
1786623089.671319,3
1786623089.709254,3
1786623089.794519,3
1786623089.865930,3
1786623089.962608,3
1786623090.500947,2
1786623090.524692,2
1786623090.548205,2
1786623090.572397,2
1786623090.595446,1
1786623090.618750,1
1786623090.642611,2
1786623090.665976,2
1786623090.689416,2
1786623090.712776,2
1786623090.736097,2
1786623090.773844,1
1786623090.834847,1
1786623090.908902,1
1786623090.980325,1
1786623091.494103,3
1786623091.517733,3
1786623091.541141,3
1786623091.564683,3
1786623091.588566,3
1786623091.611919,3
1786623091.635598,3
1786623091.659681,3
1786623091.686958,3
1786623091.778586,3
1786623091.855086,3
1786623091.935336,3
1786623092.518330,4
1786623092.541699,4
1786623092.566291,4
1786623092.589964,4
1786623092.613755,4
1786623092.637960,4
1786623092.661932,4
1786623092.712266,4
1786623092.810039,4
1786623092.995529,4
1786623093.550575,4
1786623093.574310,4
1786623093.597839,4
1786623093.621245,4
1786623093.644375,4
1786623093.667881,4
1786623093.690967,4
1786623093.714326,4
1786623093.836295,4
1786623093.927591,4
1786623094.022762,4
1786623094.573068,4
1786623094.596725,4
1786623094.619916,4
1786623094.643936,4
1786623094.668490,4
1786623094.777749,4
1786623094.920180,4
1786623094.994133,4
1786623095.605405,4
1786623095.629005,4
1786623095.652977,4
1786623095.676260,4
1786623095.700358,4
1786623095.724481,4
1786623095.748030,4
1786623095.771867,4
1786623095.837651,4
1786623095.879998,4
1786623095.944376,4
1786623095.988855,4
1786623096.053541,4
1786623096.092509,4
1786623096.655546,4
1786623096.677773,0
1786623096.702823,0
1786623096.726117,0
1786623096.749730,0
1786623096.773038,0
1786623096.797063,0
1786623096.820307,0
1786623096.844063,0
1786623096.882559,4
1786623096.953526,4
1786623096.988338,4
1786623097.028670,4
1786623097.069221,4
1786623097.134007,4
1786623097.683643,1
1786623097.706675,1
1786623097.729715,1
1786623097.753239,1
1786623097.776636,1
1786623097.799912,1
1786623097.823535,1
1786623097.846652,1
1786623097.870349,1
1786623097.893029,1
1786623097.995573,1
1786623098.042529,1
1786623098.086528,1
1786623098.681287,1
1786623098.704742,1
1786623098.728573,1
1786623098.751678,1
1786623098.774661,1
1786623098.797817,1
1786623098.820962,1
1786623098.844538,1
1786623098.867917,1
1786623098.921479,1
1786623098.998076,1
1786623099.072982,1
1786623099.119920,1
1786623099.674520,3
1786623099.697823,3
1786623099.721784,3
1786623099.745083,3
1786623099.768918,3
1786623099.792142,3
1786623099.815747,3
1786623099.839683,3
1786623099.892406,3
1786623100.006417,3
1786623100.067580,3
1786623100.147343,3
1786623100.687337,3
1786623100.710601,3
1786623100.733909,3
1786623100.757142,3
1786623100.780911,3
1786623100.803977,3
1786623100.827483,3
1786623100.851597,3
1786623100.877449,3
1786623100.954100,3
1786623101.055488,3
1786623101.143130,3
1786623101.697548,3
1786623101.720591,3
1786623101.743915,3
1786623101.766989,3
1786623101.790039,3
1786623101.813374,3
1786623101.836979,3
1786623101.859441,3
1786623101.905537,3
1786623102.001997,3
1786623102.084439,3
1786623102.705417,3
1786623102.728805,3
1786623102.751541,3
1786623102.774202,3
1786623102.797453,3
1786623102.821194,3
1786623102.844458,3
1786623102.867846,3
1786623102.940007,3
1786623103.023287,3
1786623103.148564,3
1786623103.706987,1
1786623103.730235,1
1786623103.753491,1
1786623103.776952,1
1786623103.800417,1
1786623103.824016,1
1786623103.847203,1
1786623103.870326,1
1786623103.936357,1
1786623104.057698,1
1786623104.742946,1
1786623104.766770,1
1786623104.790305,1
1786623104.814480,1
1786623104.837649,1
1786623104.861132,1
1786623104.884470,1
1786623104.907771,1
1786623104.931435,1
1786623105.031767,1
1786623105.196814,1
1786623105.823385,1
1786623105.847299,1
1786623105.870705,1
1786623105.894825,1
1786623105.918639,1
1786623105.945164,1
1786623105.969153,1
1786623105.993940,1
1786623106.045798,1
1786623106.144782,1
1786623106.232873,1
1786623106.306982,1
1786623106.859705,1
1786623106.883298,1
1786623106.906575,1
1786623106.929942,1
1786623106.953406,1
1786623106.976686,1
1786623107.000345,1
1786623107.023841,1
1786623107.085265,1
1786623107.140028,1
1786623107.245701,1
1786623107.871257,1
1786623107.894743,1
1786623107.918132,1
1786623107.941420,1
1786623107.964525,1
1786623107.987588,1
1786623108.010987,1
1786623108.034554,1
1786623108.082638,1
1786623108.133938,1
1786623108.188706,1
1786623108.287027,1
1786623108.894004,1
1786623108.917023,1
1786623108.939846,1
1786623108.963151,1
1786623108.986381,1
1786623109.010003,1
1786623109.032585,1
1786623109.056210,1
1786623109.157595,1
1786623109.239271,1
1786623109.342423,1
1786623109.908429,3
1786623109.932538,3
1786623109.954891,3
1786623109.978018,3
1786623109.999868,0
1786623110.025716,0
1786623110.086777,0
1786623110.223244,0
1786623110.403563,0
1786623111.045972,0
1786623111.069271,0
1786623111.092310,0
1786623111.115606,1
1786623111.139279,1
1786623111.161027,0
1786623111.212429,0
1786623111.327032,0
1786623111.497662,0
1786623112.128043,0
1786623112.151376,0
1786623112.174619,0
1786623112.197459,0
1786623112.219554,0
1786623112.244836,0
1786623112.268379,0
1786623112.348637,0
1786623112.413994,0
1786623112.537023,0
1786623113.153769,0
1786623113.176634,0
1786623113.199709,2
1786623113.223335,2
1786623113.246922,2
1786623113.270663,2
1786623113.293902,2
1786623113.354062,1
1786623113.416888,1
1786623113.596667,1
1786623114.172498,1
1786623114.195691,1
1786623114.218774,1
1786623114.242091,1
1786623114.265867,1
1786623114.289233,1
1786623114.330695,1
1786623114.464577,1
1786623114.616345,1
1786623115.203753,1
1786623115.227034,1
1786623115.250808,1
1786623115.274505,1
1786623115.297779,1
1786623115.321039,1
1786623115.360982,1
1786623115.466945,1
1786623115.597588,1
1786623116.259584,1
1786623116.283446,1
1786623116.306919,1
1786623116.330065,1
1786623116.353693,1
1786623116.377008,1
1786623116.400046,1
1786623116.530868,1
1786623116.626789,1
1786623116.740276,1
1786623117.374870,4
1786623117.398252,4
1786623117.421115,4
1786623117.444252,4
1786623117.467440,4
1786623117.491029,4
1786623117.568273,4
1786623117.670825,4
1786623117.787702,4
1786623118.424120,1
1786623118.448136,1
1786623118.471112,1
1786623118.494449,1
1786623118.517594,1
1786623118.541229,1
1786623118.564163,1
1786623118.588844,1
1786623118.667027,1
1786623118.793114,1
1786623118.845796,1
1786623119.437837,1
1786623119.461098,1
1786623119.484540,1
1786623119.507643,1
1786623119.531203,1
1786623119.554417,1
1786623119.577583,1
1786623119.679365,1
1786623119.757844,1
1786623119.896068,1
1786623120.467545,1
1786623120.491229,1
1786623120.514385,1
1786623120.537837,1
1786623120.561099,1
1786623120.583604,1
1786623120.734493,1
1786623120.841121,1
1786623120.965483,1
1786623121.543254,4
1786623121.566361,4
1786623121.590159,4
1786623121.613801,4
1786623121.637062,4
1786623121.660616,4
1786623121.808129,4
1786623121.976307,4
1786623122.543470,4
1786623122.566708,4
1786623122.590728,4
1786623122.614074,4
1786623122.638108,4
1786623122.661662,4
1786623122.684920,4
1786623122.744913,4
1786623122.883728,4
1786623122.932977,4
1786623123.529052,4
1786623123.552970,4
1786623123.576053,4
1786623123.599529,4
1786623123.622656,4
1786623123.679742,4
1786623123.751236,4
1786623123.881314,4
1786623123.969859,4
1786623124.510341,4
1786623124.534061,4
1786623124.557712,4
1786623124.580977,4
1786623124.604632,4
1786623124.627564,4
1786623124.676367,4
1786623125.688426,4
1786623125.712011,4
1786623125.735189,4
1786623125.758917,4
1786623125.782313,4
1786623125.892622,4
1786623125.948039,4
1786623126.041695,4
1786623126.681263,4
1786623126.704561,4
1786623126.727660,4
1786623126.750738,4
1786623126.773776,4
1786623126.841795,4
1786623126.986621,4
1786623127.131858,4
1786623127.762531,4
1786623127.785746,4
1786623127.808596,4
1786623127.832456,4
1786623127.856223,4
1786623127.879495,4
1786623127.902692,4
1786623127.926063,4
1786623127.949608,4
1786623128.018409,4
1786623128.058331,4
1786623128.107180,4
1786623128.153904,4
1786623128.226605,4
1786623128.807141,3
1786623128.818409,1
1786623128.833847,1
1786623128.849388,1
1786623128.865098,1
1786623128.880846,1
1786623128.896456,1
1786623128.918812,1
1786623128.976750,1
1786623129.125902,1
1786623129.251683,1
1786623129.292278,1
1786623129.330163,1
1786623129.386135,1
1786623129.468404,1
1786623129.507038,1
1786623129.558804,1
1786623129.691457,1
1786623129.751191,1
1786623129.807028,1
1786623129.941999,1
1786623129.991732,1
1786623130.084474,1
1786623130.162688,1
1786623130.222572,1
1786623130.261612,1
1786623130.363535,1
1786623130.442687,1
1786623130.529626,1
1786623130.661987,1
1786623130.710825,1
1786623130.759877,1
1786623130.890126,1
1786623131.000894,1
1786623131.091481,1
1786623131.178763,1
1786623131.286465,1
1786623131.395032,1
1786623131.503411,1
1786623131.552338,1
1786623131.635276,1
1786623131.704927,1
1786623132.364762,3
1786623132.389185,3
1786623132.413645,3
1786623132.437444,3
1786623132.461408,3
1786623132.487392,3
1786623132.511856,3
1786623132.597598,3
1786623132.632148,3
1786623132.700646,3
1786623132.807729,3
1786623132.855507,3
1786623133.419019,1
1786623133.446504,1
1786623133.469573,1
1786623133.493049,1
1786623133.516760,1
1786623133.540069,1
1786623133.562925,1
1786623133.586590,1
1786623133.653106,1
1786623133.744076,1
1786623133.794338,1
1786623134.408000,1
1786623134.431822,1
1786623134.454981,1
1786623134.478449,1
1786623134.501658,1
1786623134.524971,1
1786623134.548207,1
1786623134.633635,1
1786623134.737427,1
1786623134.821607,1
1786623135.435219,1
1786623135.459439,1
1786623135.483209,1
1786623135.507027,1
1786623135.531561,1
1786623135.555344,1
1786623135.578889,1
1786623135.675584,1
1786623135.760365,1
1786623136.429541,1
1786623136.453915,1
1786623136.476669,1
1786623136.500929,1
1786623136.524935,1
1786623136.548933,1
1786623136.624838,1
1786623136.805962,1
1786623136.855227,1
1786623137.455508,1
1786623137.479180,1
1786623137.502261,1
1786623137.535836,1
1786623137.560314,1
1786623137.584672,1
1786623137.608236,1
1786623137.767018,1
1786623137.933352,1
1786623138.532347,1
1786623138.555289,1
1786623138.578384,1
1786623138.601786,1
1786623138.625020,1
1786623138.648287,1
1786623138.671894,1
1786623138.695656,1
1786623138.815480,1
1786623138.902934,1
1786623139.010664,1
1786623139.586201,4
1786623139.609699,4
1786623139.632693,4
1786623139.656049,4
1786623139.679484,4
1786623139.702647,4
1786623139.725874,4
1786623139.749728,4
1786623139.867554,4
1786623139.978408,4
1786623140.598534,4
1786623140.622076,4
1786623140.645032,4
1786623140.668518,4
1786623140.691272,4
1786623140.714975,4
1786623140.738195,4
1786623140.761596,4
1786623140.858680,4
1786623140.963793,4
1786623141.085361,4
1786623141.658112,4
1786623141.681692,4
1786623141.704759,4
1786623141.727906,4
1786623141.751789,4
1786623141.775492,4
1786623141.798986,4
1786623141.848926,4
1786623141.917086,4
1786623142.030489,4
1786623142.110422,4
1786623142.768136,4
1786623142.791773,4
1786623142.815164,4
1786623142.838522,4
1786623142.861984,4
1786623142.885096,4
1786623142.908840,4
1786623142.932397,4
1786623142.996159,4
1786623143.166042,4
1786623143.771388,4
1786623143.794930,4
1786623143.819187,4
1786623143.842745,4
1786623143.866100,4
1786623143.889775,4
1786623143.913056,4
1786623143.935988,4
1786623144.005953,4
1786623144.058843,4
1786623144.146969,4
1786623144.213183,4
1786623144.765263,4
1786623144.788804,4
1786623144.811831,4
1786623144.835290,4
1786623144.858672,4
1786623144.881785,4
1786623144.905015,4
1786623144.928605,4
1786623144.967942,4
1786623145.015188,4
1786623145.138420,4
1786623145.230022,4
1786623145.774161,4
1786623145.797547,4
1786623145.820947,4
1786623145.844352,4
1786623145.867917,4
1786623145.890656,4
1786623145.914062,4
1786623145.937343,4
1786623145.973265,4
1786623146.054826,4
1786623146.169667,4
1786623146.763390,4
1786623146.786479,4
1786623146.809446,4
1786623146.832220,4
1786623146.856127,4
1786623146.879338,4
1786623146.902774,4
1786623146.928005,4
1786623147.026731,4
1786623147.124204,4
1786623147.197042,4
1786623147.755890,4
1786623147.779613,4
1786623147.802786,4
1786623147.826583,4
1786623147.849953,4
1786623147.872819,4
1786623147.895938,4
1786623147.920203,4
1786623147.965329,4
1786623148.063062,4
1786623148.134106,4
1786623148.179638,4
1786623148.251628,4
1786623148.847743,3
1786623148.871280,3
1786623148.894781,3
1786623148.918315,3
1786623148.941957,3
1786623148.965602,3
1786623148.989351,3
1786623149.013078,3
1786623149.036331,3
1786623149.087979,3
1786623149.296488,3
1786623149.328958,3
1786623149.875801,3
1786623149.899741,3
1786623149.923078,3
1786623149.946222,3
1786623149.970074,3
1786623149.993554,3
1786623150.016803,3
1786623150.040312,3
1786623150.063695,3
1786623150.109879,3
1786623150.150661,3
1786623150.249244,3
1786623150.307330,3
1786623150.862570,3
1786623150.886386,3
1786623150.909508,3
1786623150.933206,3
1786623150.956476,3
1786623150.979576,3
1786623151.003207,3
1786623151.026106,3
1786623151.078382,3
1786623151.116591,3
1786623151.197066,3
1786623151.331288,3
1786623151.958821,3
1786623151.982162,3
1786623152.005244,3
1786623152.028213,3
1786623152.051765,3
1786623152.075440,3
1786623152.099385,3
1786623152.122930,3
1786623152.146645,3
1786623152.189510,3
1786623152.282987,3
1786623152.345618,3
1786623152.434335,3
1786623153.012955,1
1786623153.036990,1
1786623153.060367,1
1786623153.084140,1
1786623153.108345,1
1786623153.131754,1
1786623153.155581,1
1786623153.179285,1
1786623153.216631,1
1786623153.300153,1
1786623153.354505,1
1786623153.400258,1
1786623153.459554,1
1786623153.503874,1
1786623154.058638,1
1786623154.081550,1
1786623154.104592,1
1786623154.127488,1
1786623154.150781,1
1786623154.174239,1
1786623154.198090,1
1786623154.221735,1
1786623154.246582,1
1786623154.315102,1
1786623154.387569,1
1786623154.437578,1
1786623154.516413,1
1786623155.065671,1
1786623155.089677,1
1786623155.113040,1
1786623155.136408,1
1786623155.160357,1
1786623155.183875,1
1786623155.206987,1
1786623155.230450,1
1786623155.270003,1
1786623155.343910,1
1786623155.387483,1
1786623155.476099,1
1786623156.073709,4
1786623156.097839,4
1786623156.121102,4
1786623156.144190,4
1786623156.167737,4
1786623156.191058,4
1786623156.214341,4
1786623156.238022,4
1786623156.296955,4
1786623156.353893,4
1786623156.419718,4
1786623156.469648,4
1786623156.540121,4
1786623157.084477,4
1786623157.108340,4
1786623157.131689,4
1786623157.154547,4
1786623157.178106,4
1786623157.201595,4
1786623157.224815,4
1786623157.258502,4
1786623157.348288,4
1786623157.495058,4
1786623157.554842,4
1786623158.116876,4
1786623158.140440,4
1786623158.163400,4
1786623158.187841,4
1786623158.210915,4
1786623158.234469,4
1786623158.257608,4
1786623158.280639,4
1786623158.326595,4
1786623158.393301,4
1786623158.458385,4
1786623158.504162,4
1786623158.554467,4
1786623158.610302,4
1786623159.152302,4
1786623159.175899,4
1786623159.199120,4
1786623159.222123,4
1786623159.245626,4
1786623159.269402,4
1786623159.293284,4
1786623159.317269,4
1786623159.368890,4
1786623159.463663,4
1786623159.530330,4
1786623159.602412,4
1786623160.170753,1
1786623160.194084,1
1786623160.216874,1
1786623160.239712,1
1786623160.263443,1
1786623160.287041,1
1786623160.311045,1
1786623160.334760,1
1786623160.358318,1
1786623160.410699,2
1786623160.495619,2
1786623160.549525,2
1786623160.606372,2
1786623161.378500,2
1786623161.401906,2
1786623161.425136,2
1786623161.448525,2
1786623161.472285,2
1786623161.495877,2
1786623161.519548,2
1786623161.543125,2
1786623161.566896,2
1786623161.622057,2
1786623161.685951,2
1786623161.753726,2
1786623161.841229,2
1786623162.387587,2
1786623162.411219,2
1786623162.434556,2
1786623162.457786,2
1786623162.515751,2
1786623162.593609,2
1786623162.648753,2
1786623162.720631,1
1786623162.803551,1
1786623162.871504,1
1786623163.424288,3
1786623163.447963,3
1786623163.471363,3
1786623163.494496,3
1786623163.518101,3
1786623163.541928,3
1786623163.565299,3
1786623163.588709,3
1786623163.655996,3
1786623163.711124,3
1786623163.790382,3
1786623163.844791,3
1786623163.905490,3
1786623164.469237,3
1786623164.492537,3
1786623164.515870,3
1786623164.539815,3
1786623164.563099,3
1786623164.586876,3
1786623164.610629,3
1786623164.634557,3
1786623164.696109,3
1786623164.737781,3
1786623164.804593,3
1786623164.850934,3
1786623164.941290,3
1786623165.492156,3
1786623165.515905,3
1786623165.539217,3
1786623165.563418,3
1786623165.587012,3
1786623165.610913,3
1786623165.634255,3
1786623165.658442,3
1786623165.716250,3
1786623165.791738,3
1786623165.857618,3
1786623165.954220,3
1786623166.522469,3
1786623166.545870,3
1786623166.569517,3
1786623166.593394,3
1786623166.617147,3
1786623166.640864,3
1786623166.664785,3
1786623166.688776,3
1786623166.712363,3
1786623166.791470,3
1786623166.870455,3
1786623166.942793,3
1786623167.535718,3
1786623167.559866,3
1786623167.583167,3
1786623167.606773,3
1786623167.630214,3
1786623167.653865,3
1786623167.677613,3
1786623167.701103,3
1786623167.810028,3
1786623167.860947,3
1786623167.940780,3
1786623168.026036,0
1786623168.571969,0
1786623168.595144,0
1786623168.616534,0
1786623168.640512,0
1786623168.664240,0
1786623168.686942,0
1786623168.710605,0
1786623168.728146,0
1786623168.746369,0
1786623168.764380,0
1786623168.798735,0
1786623168.856516,0
1786623168.953869,0
1786623169.035681,0
1786623169.125095,0
1786623169.218977,0
1786623169.310727,0
1786623169.352442,0
1786623169.417773,0
1786623169.479993,0
1786623169.538673,0
1786623169.597237,0
1786623169.688449,0
1786623169.829747,0
1786623169.919888,0
1786623170.014993,0
1786623170.095781,0
1786623170.151314,0
1786623170.233123,0
1786623170.284727,0
1786623170.370458,0
1786623170.451579,0
1786623170.498577,0
1786623170.549085,0
1786623170.600994,0
1786623170.681105,0
1786623170.758662,0
1786623170.846126,0
1786623170.932764,0
1786623171.000902,0
1786623171.068531,0
1786623171.144397,0
1786623171.221631,0
1786623171.295651,0
1786623171.392636,0
1786623171.514846,0
1786623171.561333,0
1786623171.617077,0
1786623171.692277,0
1786623171.724726,0
1786623171.866842,0
1786623171.937370,0
1786623172.005302,0
1786623172.064480,0
1786623172.197022,0
1786623172.529888,0
1786623172.571888,0
1786623172.614925,0
1786623172.848926,0
1786623172.921862,0
1786623172.980700,0
1786623173.061749,0
1786623173.166618,0
1786623173.225350,0
1786623173.352344,0
1786623173.434424,0
1786623173.486693,0
1786623173.560276,0
1786623173.639458,0
1786623173.704265,0
1786623173.810158,0
1786623173.905016,0
1786623173.963947,0
1786623174.052903,0
1786623174.176148,0
1786623174.270018,0
1786623174.311570,0
1786623174.360586,0
1786623174.414077,0
1786623174.501215,0
1786623174.540235,0
1786623174.606150,0
1786623174.670512,0
1786623174.732674,0
1786623174.806268,0
1786623174.851389,0
1786623174.927352,0
1786623174.992556,0
1786623175.076112,0
1786623175.118119,0
1786623175.193601,0
1786623175.286489,0
1786623175.346954,0
1786623175.396450,0
1786623175.465666,0
1786623175.518559,0
1786623175.589491,0
1786623175.634436,0
1786623175.702449,0
1786623175.753975,0
1786623175.882883,0
1786623175.938505,0
1786623175.989150,0
1786623176.069316,0
1786623176.121569,0
1786623176.255953,0
1786623176.322130,0
1786623176.388198,0
1786623176.442493,0
1786623176.510338,0
1786623176.561696,0
1786623176.643281,0
1786623176.719897,0
1786623176.779047,0
1786623176.919176,0
1786623177.002790,0
1786623177.085608,0
1786623177.150256,0
1786623177.209174,0
1786623177.283405,0
1786623177.383828,0
1786623177.473613,0
1786623177.538227,0
1786623177.618617,0
1786623177.729984,0
1786623177.872651,0
1786623177.919360,0
1786623177.979771,0
1786623178.059613,0
1786623178.103949,0
1786623178.162475,0
1786623178.222422,0
1786623178.280340,0
1786623178.356075,0
1786623178.392454,0
1786623178.452160,0
1786623178.507848,0
1786623178.573826,0
1786623178.615370,0
1786623178.670710,0
1786623178.778710,0
1786623178.804637,0
1786623178.862444,0
1786623178.924587,0
1786623179.015465,0
1786623179.093522,0
1786623179.185900,0
1786623179.274288,0
1786623179.323958,0
1786623179.386407,0
1786623179.459285,0
1786623179.503303,0
1786623179.582344,0
1786623179.642068,0
1786623179.736262,0
1786623179.823216,0
1786623179.858247,0
1786623179.969152,0
1786623180.022828,0
1786623180.114788,0
1786623180.221509,0
1786623180.292127,0
1786623180.351841,0
1786623180.433608,0
1786623180.506158,0
1786623180.609239,0
1786623180.682302,0
1786623180.794906,0
1786623180.864817,0
1786623180.982745,0
1786623181.038044,0
1786623181.142431,0
1786623181.204345,0
1786623181.266781,0
1786623181.356929,0
1786623181.429356,0
1786623181.496685,0
1786623181.559538,0
1786623181.624596,0
1786623181.696530,0
1786623181.758733,0
1786623181.802784,0
1786623181.874658,0
1786623181.956572,0
1786623182.017257,0
1786623182.083737,0
1786623182.127835,0
1786623182.196142,0
1786623182.252639,0
1786623182.318070,0
1786623182.382454,0
1786623182.460957,0
1786623182.518450,0
1786623182.562130,0
1786623182.661964,0
1786623182.777234,0
1786623182.831990,0
1786623182.924431,0
1786623183.002790,0
1786623183.075581,0
1786623183.176094,0
1786623183.271870,0
1786623183.342602,0
1786623183.415656,0
1786623183.477521,0
1786623183.544943,0
1786623183.645769,0
1786623183.737702,0
1786623183.795432,0
1786623183.869906,0
1786623183.956629,0
1786623184.041775,0
1786623184.122049,0
1786623184.183765,0
1786623184.299897,0
1786623184.367374,0
1786623184.433294,0
1786623184.474216,0
1786623184.582860,0
1786623184.643570,0
1786623184.730894,0
1786623184.909759,0
1786623184.976682,0
1786623185.056052,0
1786623185.193267,0
1786623185.310229,0
1786623185.944247,0
1786623185.966346,0
1786623185.990010,0
1786623186.015315,0
1786623186.038638,0
1786623186.060495,0
1786623186.086222,0
1786623186.109937,0
1786623186.133875,0
1786623186.203646,0
1786623186.267064,0
1786623186.312402,0
1786623186.372734,0
1786623186.517241,0
1786623186.560777,0
1786623186.599189,0
1786623186.637585,0
1786623186.694784,0
1786623186.768481,0
1786623186.824745,0
1786623186.890028,0
1786623186.958669,0
1786623186.996397,0
1786623187.058370,0
1786623187.135830,0
1786623187.187352,0
1786623187.237319,0
1786623187.295257,0
1786623187.359772,0
1786623187.399265,0
1786623187.472891,0
1786623187.547793,0
1786623187.603438,0
1786623187.692995,0
1786623187.773737,0
1786623187.857879,0
1786623187.928097,0
1786623188.013539,0
1786623188.109412,0
1786623188.184652,0
1786623188.238059,0
1786623188.340164,0
1786623188.392947,0
1786623188.450550,0
1786623188.531811,0
1786623188.601247,0
1786623188.664494,0
1786623188.785922,0
1786623188.872307,0
1786623188.968853,0
1786623189.040271,0
1786623189.125594,0
1786623189.226264,0
1786623189.317840,0
1786623189.400949,0
1786623189.471170,0
1786623189.564044,0
1786623189.650102,0
1786623189.751471,0
1786623189.842120,0
1786623189.940205,0
1786623190.027256,0
1786623190.095187,0
1786623190.237482,0
1786623190.342545,0
1786623190.436413,0
1786623190.510993,0
1786623190.586335,0
1786623190.680640,0
1786623190.731856,0
1786623190.823366,0
1786623190.894208,0
1786623190.996113,0
1786623191.073355,0
1786623191.190330,0
1786623191.277081,0
1786623191.356917,0
1786623191.435381,0
1786623191.510963,0
1786623191.611327,0
1786623191.688445,0
1786623191.760081,0
1786623191.817833,0
1786623191.899312,0
1786623192.005430,0
1786623192.103511,0
1786623192.191435,0
1786623192.263818,0
1786623192.355587,0
1786623192.445218,0
1786623192.523035,0
1786623192.589151,0
1786623192.688942,0
1786623192.754460,0
1786623192.835916,0
1786623192.920321,0
1786623193.011085,0
1786623193.114295,0
1786623193.162981,0
1786623193.256637,0
1786623193.337177,0
1786623193.451144,0
1786623193.501817,0
1786623193.570797,0
1786623193.644355,0
1786623193.714383,0
1786623193.797997,0
1786623193.925596,0
1786623193.978548,0
1786623194.072205,0
1786623194.155987,0
1786623194.275274,0
1786623194.366780,0
1786623194.451519,0
1786623194.477817,0
1786623194.547199,0
1786623195.131361,0
1786623195.155494,0
1786623195.179459,0
1786623195.202776,0
1786623195.226553,0
1786623195.250876,0
1786623195.275055,0
1786623195.299006,1
1786623195.348310,1
1786623195.382521,1
1786623195.433114,1
1786623195.493464,1
1786623195.530630,1
1786623195.597255,0
1786623196.135794,0
1786623196.158593,0
1786623196.182141,0
1786623196.206156,0
1786623196.229621,0
1786623196.255604,0
1786623196.279442,0
1786623196.303479,0
1786623196.326824,0
1786623196.351329,0
1786623196.428328,0
1786623196.494659,0
1786623196.569867,3
1786623197.118799,4
1786623197.142089,4
1786623197.165759,4
1786623197.189580,4
1786623197.212827,4
1786623197.236320,4
1786623197.259814,4
1786623197.283531,4
1786623197.338489,4
1786623197.441484,4
1786623197.513507,4
1786623197.581057,4
1786623198.109899,4
1786623198.133180,4
1786623198.156333,4
1786623198.179873,4
1786623198.204059,4
1786623198.227678,4
1786623198.251934,4
1786623198.275452,4
1786623198.322286,4
1786623198.419676,4
1786623198.475658,4
1786623198.551926,4
1786623199.148462,1
1786623199.172004,1
1786623199.195847,1
1786623199.218980,1
1786623199.241964,1
1786623199.265548,1
1786623199.288826,1
1786623199.312645,1
1786623199.378142,1
1786623199.470728,1
1786623199.541411,1
1786623199.645358,1
1786623200.262492,4
1786623200.286446,4
1786623200.309876,4
1786623200.333025,4
1786623200.356412,4
1786623200.379795,4
1786623200.402674,4
1786623200.443318,4
1786623200.509136,4
1786623200.592988,4
1786623200.682069,4
1786623200.713304,4
1786623201.276991,3
1786623201.300032,3
1786623201.323166,3
1786623201.346872,3
1786623201.370188,3
1786623201.393980,3
1786623201.417359,3
1786623201.468549,3
1786623201.536008,3
1786623201.595199,3
1786623201.691744,3
1786623201.774800,3
1786623202.353788,3
1786623202.377486,3
1786623202.400507,3
1786623202.423768,3
1786623202.447211,3
1786623202.470559,3
1786623202.493453,3
1786623202.517070,3
1786623202.604299,3
1786623202.686636,3
1786623202.730591,3
1786623202.832240,3
1786623203.403993,4
1786623203.427277,4
1786623203.450087,4
1786623203.473848,4
1786623203.497664,4
1786623203.521210,4
1786623203.544698,4
1786623203.568287,4
1786623203.698641,4
1786623203.793708,4
1786623203.857176,4
1786623204.415377,1
1786623204.439071,1
1786623204.462146,1
1786623204.485357,1
1786623204.508539,1
1786623204.532374,1
1786623204.556232,1
1786623204.579445,1
1786623204.628486,1
1786623204.752510,1
1786623204.859929,1
1786623205.426186,1
