t_global,x,y,v,em,es,action
0.042,28,746,-8,0,61,still_30s
0.113,28,746,-8,0,61,still_30s
0.152,24,742,0,0,61,still_30s
0.225,16,738,0,0,62,still_30s
0.299,16,738,0,0,62,still_30s
0.339,6,733,0,0,63,still_30s
0.411,1,729,0,0,64,still_30s
0.484,-1,727,0,0,64,still_30s
0.523,-1,727,0,0,66,still_30s
0.596,-4,725,0,0,68,still_30s
0.669,-3,723,0,0,68,still_30s
0.709,-3,723,0,0,70,still_30s
0.783,-3,722,0,0,70,still_30s
0.856,-6,719,0,0,73,still_30s
0.901,-12,715,0,22,76,still_30s
0.973,-12,715,0,22,76,still_30s
1.046,-21,715,0,0,80,still_30s
1.085,-27,713,0,0,80,still_30s
1.159,-27,713,0,0,85,still_30s
1.231,-32,717,0,0,88,still_30s
1.271,-35,720,0,0,88,still_30s
1.344,-37,726,0,0,91,still_30s
1.416,-37,726,0,0,91,still_30s
1.456,-43,745,0,0,93,still_30s
1.529,-59,810,0,0,94,still_30s
1.600,-59,810,0,0,94,still_30s
1.640,-61,825,0,0,94,still_30s
1.712,-62,843,0,0,97,still_30s
1.784,-62,843,0,0,97,still_30s
1.823,-68,858,0,0,99,still_30s
1.897,-75,866,0,0,100,still_30s
1.969,-75,866,0,0,100,still_30s
2.009,-75,862,0,0,100,still_30s
2.081,-76,855,0,0,100,still_30s
2.154,-76,855,0,0,100,still_30s
2.194,-80,864,0,0,100,still_30s
2.266,-83,870,0,0,100,still_30s
2.339,-83,870,0,0,100,still_30s
2.378,-83,872,0,0,100,still_30s
2.452,-83,869,0,0,100,still_30s
2.525,-83,869,0,0,100,still_30s
2.565,-83,861,0,0,100,still_30s
2.637,-84,852,0,0,100,still_30s
2.711,-90,826,0,0,100,still_30s
2.750,-90,826,0,0,100,still_30s
2.823,-90,806,0,0,100,still_30s
2.896,-91,796,0,0,100,still_30s
2.941,-91,796,0,0,100,still_30s
3.014,-89,793,0,0,100,still_30s
3.087,-83,790,0,0,100,still_30s
3.127,-72,787,0,0,100,still_30s
3.200,-72,787,0,0,100,still_30s
3.271,-40,771,0,0,100,still_30s
3.312,-2,754,8,0,100,still_30s
3.384,-2,754,8,0,100,still_30s
3.457,31,739,0,0,100,still_30s
3.497,18,746,0,0,100,still_30s
3.570,13,749,0,0,100,still_30s
3.643,13,749,0,0,100,still_30s
3.683,9,752,0,0,100,still_30s
3.756,5,753,0,0,100,still_30s
3.829,5,753,0,0,100,still_30s
3.869,2,753,0,0,100,still_30s
3.943,0,753,0,0,100,still_30s
4.015,0,753,0,0,100,still_30s
4.055,-4,753,0,0,100,still_30s
4.129,-5,753,0,0,100,still_30s
4.202,-5,753,0,0,100,still_30s
4.241,-6,753,0,0,100,still_30s
4.316,-7,757,0,0,100,still_30s
4.388,-7,757,0,0,100,still_30s
4.427,-8,758,0,0,100,still_30s
4.503,-13,757,0,0,100,still_30s
4.574,-13,757,0,0,100,still_30s
4.614,-17,759,0,0,99,still_30s
4.687,-20,756,0,0,99,still_30s
4.760,-21,756,0,0,97,still_30s
4.800,-21,756,0,0,93,still_30s
4.873,-20,754,0,0,93,still_30s
4.946,-20,751,0,0,89,still_30s
4.991,-18,750,0,0,84,still_30s
5.063,-18,750,0,0,84,still_30s
5.137,-22,746,0,0,80,still_30s
5.177,-23,745,0,0,80,still_30s
5.249,-23,745,0,0,78,still_30s
5.323,-19,743,0,0,78,still_30s
5.363,-17,741,0,0,75,still_30s
5.436,-11,740,0,0,73,still_30s
5.508,-11,740,0,0,73,still_30s
5.548,0,742,0,0,73,still_30s
5.622,9,745,0,0,71,still_30s
5.694,9,745,0,0,71,still_30s
5.734,9,746,0,0,68,still_30s
5.808,9,749,0,0,66,still_30s
5.880,9,749,0,0,66,still_30s
5.920,5,750,0,0,65,still_30s
5.995,4,750,0,0,64,still_30s
6.067,4,750,0,0,64,still_30s
6.107,5,751,0,0,63,still_30s
6.180,11,754,0,0,63,still_30s
6.253,11,754,0,0,64,still_30s
6.295,15,755,0,0,65,still_30s
6.365,16,755,0,0,65,still_30s
6.437,16,755,0,0,66,still_30s
6.477,14,753,0,0,66,still_30s
6.552,13,749,0,0,67,still_30s
6.622,13,749,0,0,67,still_30s
6.661,10,746,0,0,68,still_30s
6.733,2,745,0,0,69,still_30s
6.806,-5,742,0,0,69,still_30s
6.846,-5,742,0,0,70,still_30s
6.918,-11,738,0,0,71,still_30s
6.991,-12,735,0,0,71,still_30s
7.037,-8,735,0,0,72,still_30s
7.108,-8,735,0,0,72,still_30s
7.181,-5,733,0,0,72,still_30s
7.221,-6,727,0,0,72,still_30s
7.292,-6,727,0,0,71,still_30s
7.364,-13,720,0,0,71,still_30s
7.405,-20,714,0,0,70,still_30s
7.476,-20,714,0,0,70,still_30s
7.548,-29,707,0,0,68,still_30s
7.588,-31,703,0,0,68,still_30s
7.661,-33,706,-8,0,66,still_30s
7.733,-33,706,-8,0,64,still_30s
7.773,-33,710,0,0,64,still_30s
7.846,-32,712,0,0,62,still_30s
7.919,-32,712,0,0,62,still_30s
7.957,-31,708,0,0,61,still_30s
8.031,-30,704,0,0,60,still_30s
8.102,-30,704,0,0,60,still_30s
8.142,-26,703,0,0,58,still_30s
8.215,-21,704,0,0,58,still_30s
8.286,-21,704,0,0,58,still_30s
8.325,-15,711,0,0,58,still_30s
8.398,-5,719,0,0,58,still_30s
8.470,-5,719,0,0,58,still_30s
8.509,33,749,0,0,58,still_30s
8.582,98,779,0,0,58,still_30s
8.654,98,779,0,0,58,still_30s
8.693,211,852,0,0,59,still_30s
8.766,310,916,0,0,59,still_30s
8.839,310,916,0,0,59,still_30s
8.878,274,896,0,0,59,still_30s
8.951,229,877,0,0,59,still_30s
9.024,229,877,0,0,59,still_30s
9.069,171,857,0,0,59,still_30s
9.140,78,820,0,0,59,still_30s
9.213,21,792,0,0,59,still_30s
9.254,21,792,0,0,58,still_30s
9.326,-23,764,0,0,58,still_30s
9.398,-53,728,0,0,58,still_30s
9.438,-82,696,0,0,58,still_30s
9.511,-82,696,0,0,58,still_30s
9.583,-109,680,0,0,58,still_30s
9.622,-142,684,0,0,57,still_30s
9.695,-142,684,0,0,57,still_30s
9.767,-154,698,0,0,57,still_30s
9.807,-157,732,0,0,55,still_30s
9.879,-157,732,0,0,55,still_30s
9.951,-163,756,0,0,54,still_30s
9.991,-189,788,0,0,51,still_30s
10.063,-224,830,0,0,51,still_30s
10.135,-224,830,0,0,49,still_30s
10.176,-227,825,0,0,49,still_30s
10.248,-215,813,0,0,47,still_30s
10.320,-215,813,0,0,47,still_30s
10.359,-209,807,0,0,45,still_30s
10.432,-205,802,0,0,43,still_30s
10.504,-205,802,0,0,43,still_30s
10.543,-202,796,0,0,42,still_30s
10.616,-202,790,0,0,40,still_30s
10.689,-202,790,0,0,40,still_30s
10.727,-201,787,0,0,39,still_30s
10.802,-199,784,0,0,37,still_30s
10.872,-199,784,0,0,37,still_30s
10.911,-198,781,0,0,36,still_30s
10.984,-195,775,0,0,36,still_30s
11.056,-195,775,0,0,34,still_30s
11.100,-191,767,0,0,33,still_30s
11.173,-190,761,-8,0,33,still_30s
11.245,-190,761,-8,0,32,still_30s
11.284,-189,756,0,0,32,still_30s
11.357,-187,753,0,0,32,still_30s
11.429,-187,755,0,0,32,still_30s
11.470,-187,755,0,0,32,still_30s
11.543,-185,764,0,0,32,still_30s
11.615,-181,771,0,0,32,still_30s
11.655,-181,771,0,0,32,still_30s
11.728,-182,785,0,0,33,still_30s
11.801,-181,812,0,0,33,still_30s
11.841,-171,801,0,0,32,still_30s
11.914,-171,801,0,0,32,still_30s
11.987,-167,796,0,0,32,still_30s
12.025,-163,791,0,0,32,still_30s
12.100,-163,791,0,0,32,still_30s
12.170,-159,790,0,0,32,still_30s
12.209,-156,789,0,0,33,still_30s
12.282,-156,789,0,0,33,still_30s
12.354,-154,787,0,0,33,still_30s
12.395,-152,786,0,0,32,still_30s
12.465,-152,781,0,0,32,still_30s
12.538,-152,781,0,0,32,still_30s
12.578,-149,777,0,0,32,still_30s
12.651,-147,774,0,0,31,still_30s
12.724,-147,774,0,0,31,still_30s
12.764,-145,772,0,0,31,still_30s
12.837,-140,772,0,0,30,still_30s
12.909,-140,772,0,0,30,still_30s
12.953,-137,773,0,0,30,still_30s
13.021,-139,776,0,0,30,still_30s
13.093,-139,776,0,0,30,still_30s
13.138,-140,782,0,0,30,still_30s
13.210,-145,788,0,0,29,still_30s
13.282,-145,788,0,0,29,still_30s
13.321,-150,792,0,0,28,still_30s
13.394,-151,795,0,0,28,still_30s
13.466,-151,795,0,0,28,still_30s
13.506,-149,801,0,0,29,still_30s
13.578,-146,805,0,0,29,still_30s
13.650,-146,805,0,0,28,still_30s
13.690,-146,811,0,0,28,still_30s
13.762,-148,812,0,0,28,still_30s
13.835,-149,811,0,0,28,still_30s
13.875,-149,811,0,0,28,still_30s
13.948,-149,806,0,0,27,still_30s
14.020,-147,802,0,0,27,still_30s
14.060,-147,802,0,0,27,still_30s
14.135,-144,799,0,0,26,still_30s
14.206,-143,795,0,0,26,still_30s
14.246,-144,788,0,0,26,still_30s
14.318,-144,788,0,0,26,still_30s
14.391,-142,782,0,0,26,still_30s
14.430,-141,778,0,0,26,still_30s
14.502,-141,778,0,0,25,still_30s
14.576,-138,773,0,0,25,still_30s
14.616,-137,768,0,0,25,still_30s
14.686,-137,768,0,0,25,still_30s
14.759,-133,761,0,0,25,still_30s
14.799,-128,754,0,0,24,still_30s
14.871,-129,750,0,0,24,still_30s
14.943,-129,750,0,0,24,still_30s
14.982,-133,749,0,0,24,still_30s
15.055,-141,758,0,0,24,still_30s
15.127,-141,758,0,0,24,still_30s
15.172,-152,765,0,0,24,still_30s
15.245,-160,771,0,0,24,still_30s
15.317,-160,771,0,0,24,still_30s
15.357,-161,772,0,0,24,still_30s
15.429,-159,770,0,0,24,still_30s
15.501,-159,770,0,0,24,still_30s
15.541,-157,768,0,0,24,still_30s
15.613,-156,768,0,0,24,still_30s
15.685,-156,768,0,0,24,still_30s
15.724,-156,772,0,0,24,still_30s
15.797,-157,776,0,0,31,still_30s
15.870,-157,776,0,0,31,still_30s
15.909,-157,781,0,0,33,still_30s
15.982,-155,785,0,0,33,still_30s
16.054,-155,785,0,0,35,still_30s
16.093,-151,788,0,0,38,still_30s
16.166,-148,792,0,0,38,still_30s
16.239,-140,791,0,0,40,still_30s
16.279,-140,791,0,0,40,still_30s
16.352,-136,792,0,0,42,still_30s
16.425,-131,790,0,0,42,still_30s
16.465,-131,790,0,0,42,still_30s
16.538,-124,786,0,0,43,still_30s
16.611,-118,784,0,0,43,still_30s
16.651,-116,779,0,0,43,still_30s
16.723,-116,779,0,0,43,still_30s
16.795,-120,777,0,0,43,still_30s
16.835,-124,776,0,0,42,still_30s
16.907,-124,776,0,0,42,still_30s
16.979,-127,776,0,0,42,still_30s
17.019,-128,776,0,0,41,still_30s
17.091,-128,776,0,0,40,still_30s
17.163,-129,776,0,0,40,still_30s
17.208,-129,773,0,0,39,still_30s
17.280,-129,768,0,0,39,still_30s
17.352,-129,768,0,0,39,still_30s
17.391,-128,765,0,0,38,still_30s
17.464,-125,759,0,0,38,still_30s
17.536,-125,759,0,0,38,still_30s
17.577,-123,754,0,0,38,still_30s
17.649,-124,751,0,0,38,still_30s
17.721,-124,751,0,0,38,still_30s
17.760,-125,748,0,0,39,still_30s
17.833,-127,748,0,0,39,still_30s
17.905,-127,748,0,0,39,still_30s
17.944,-127,747,0,0,40,still_30s
18.017,-128,749,0,0,40,still_30s
18.089,-128,749,0,0,40,still_30s
18.128,-127,751,0,0,41,still_30s
18.201,-127,755,0,0,41,still_30s
18.274,-127,755,0,0,41,still_30s
18.312,-128,754,0,0,42,still_30s
18.385,-130,753,0,0,42,still_30s
18.457,-130,753,0,0,42,still_30s
18.497,-131,752,0,0,44,still_30s
18.569,-133,753,0,0,44,still_30s
18.642,-136,755,0,0,45,still_30s
18.682,-136,755,0,0,45,still_30s
18.755,-140,757,0,0,47,still_30s
18.828,-145,764,0,0,48,still_30s
18.868,-145,764,0,0,48,still_30s
18.942,-148,769,0,0,49,still_30s
19.015,-147,773,0,0,49,still_30s
19.054,-144,770,0,0,51,still_30s
19.126,-144,770,0,0,53,still_30s
19.198,-138,760,0,0,53,still_30s
19.243,-135,753,0,0,55,still_30s
19.315,-135,753,0,0,55,still_30s
19.387,-134,749,0,0,55,still_30s
19.426,-136,750,0,0,55,still_30s
19.499,-140,755,0,0,56,still_30s
19.572,-140,755,0,0,56,still_30s
19.610,-147,760,0,0,55,still_30s
19.683,-151,762,0,0,55,still_30s
19.755,-151,762,0,0,55,still_30s
19.794,-154,763,0,0,54,still_30s
19.867,-158,762,0,0,54,still_30s
19.939,-158,762,0,0,52,still_30s
19.979,-160,761,0,0,52,still_30s
20.051,-160,761,0,0,50,still_30s
20.124,-160,761,0,0,48,still_30s
20.164,-161,761,0,0,48,still_30s
20.237,-166,762,0,0,47,still_30s
20.308,-166,762,0,0,47,still_30s
20.348,-168,759,0,0,46,still_30s
20.421,-169,757,0,0,45,still_30s
20.493,-169,757,0,0,45,still_30s
20.532,-167,754,0,0,44,still_30s
20.605,-165,749,0,0,44,still_30s
20.677,-165,749,0,0,44,still_30s
20.716,-161,745,0,0,43,still_30s
20.789,-158,741,0,0,43,still_30s
20.861,-158,741,0,0,42,still_30s
20.901,-155,737,0,0,42,still_30s
20.973,-152,735,0,0,42,still_30s
21.046,-152,736,0,0,44,still_30s
21.086,-152,736,0,0,44,still_30s
21.159,-151,736,0,0,45,still_30s
21.233,-149,738,0,0,44,still_30s
21.277,-151,738,0,0,44,still_30s
21.349,-151,738,0,0,45,still_30s
21.422,-152,742,0,0,47,still_30s
21.462,-152,754,0,0,47,still_30s
21.534,-152,754,0,0,49,still_30s
21.606,-151,765,0,0,49,still_30s
21.646,-149,768,0,0,51,still_30s
21.719,-146,766,0,0,52,still_30s
21.792,-146,766,0,0,52,still_30s
21.831,-141,763,0,0,55,still_30s
21.904,-137,759,0,0,57,still_30s
21.975,-137,759,0,0,57,still_30s
22.016,-135,754,0,0,59,still_30s
22.087,-131,749,0,0,59,still_30s
22.159,-131,749,0,0,60,still_30s
22.200,-128,743,0,0,61,still_30s
22.272,-125,740,0,0,61,still_30s
22.343,-125,740,0,0,63,still_30s
22.383,-123,739,0,0,63,still_30s
22.456,-122,739,0,0,63,still_30s
22.529,-122,739,0,0,63,still_30s
22.569,-121,740,0,0,63,still_30s
22.641,-123,742,0,0,63,still_30s
22.713,-123,742,0,0,63,still_30s
22.752,-124,750,0,0,62,still_30s
22.825,-125,760,0,0,61,still_30s
22.897,-125,760,0,0,61,still_30s
22.936,-127,769,0,0,61,still_30s
23.009,-127,769,0,0,60,still_30s
23.081,-127,769,0,0,60,still_30s
23.120,-126,764,0,0,58,still_30s
23.193,-125,760,0,0,57,still_30s
23.265,-123,757,0,0,57,still_30s
23.310,-123,757,0,0,59,still_30s
23.383,-121,755,0,0,59,still_30s
23.456,-117,753,0,0,60,still_30s
23.496,-117,753,0,0,60,still_30s
23.569,-113,752,0,0,60,still_30s
23.642,-110,751,0,0,61,still_30s
23.682,-109,752,0,0,61,still_30s
23.753,-109,752,0,0,62,still_30s
23.826,-110,753,0,0,62,still_30s
23.866,-111,752,0,0,62,still_30s
23.938,-111,752,0,0,63,still_30s
24.011,-111,752,0,0,63,still_30s
24.051,-111,752,0,0,64,still_30s
24.123,-112,751,0,0,63,still_30s
24.194,-112,751,0,0,63,still_30s
24.234,-115,751,0,0,62,still_30s
24.307,-119,751,0,0,62,still_30s
24.378,-119,751,0,0,62,still_30s
24.418,-121,753,0,0,63,still_30s
24.491,-123,755,0,0,64,still_30s
24.563,-123,755,0,0,64,still_30s
24.602,-123,752,0,0,64,still_30s
24.675,-119,744,0,0,64,still_30s
24.747,-119,744,0,0,65,still_30s
24.786,-111,736,0,0,65,still_30s
24.859,-104,726,0,0,66,still_30s
24.931,-104,726,0,0,66,still_30s
24.971,-109,717,0,0,66,still_30s
25.045,-114,709,0,0,66,still_30s
25.116,-114,709,0,0,66,still_30s
25.155,-111,704,0,0,65,still_30s
25.228,-109,702,0,0,66,still_30s
25.300,-109,702,0,0,66,still_30s
25.344,-111,711,0,0,66,still_30s
25.417,-114,720,0,0,65,still_30s
25.489,-118,725,0,0,65,still_30s
25.529,-118,725,0,0,63,still_30s
25.603,-122,729,0,0,61,still_30s
25.676,-124,730,0,0,61,still_30s
25.715,-124,730,0,0,58,still_30s
25.788,-125,730,0,0,58,still_30s
25.861,-126,730,0,0,56,still_30s
25.902,-125,730,0,0,53,still_30s
25.973,-125,730,0,0,53,still_30s
26.047,-125,732,0,0,51,still_30s
26.086,-123,730,0,0,51,still_30s
26.157,-123,730,0,0,49,still_30s
26.230,-119,730,0,0,48,still_30s
26.271,-116,730,0,0,48,still_30s
26.342,-116,730,0,0,46,still_30s
26.414,-113,726,0,0,46,still_30s
26.454,-111,722,0,0,45,still_30s
26.526,-110,718,0,0,44,still_30s
26.598,-110,718,0,0,44,still_30s
26.638,-110,717,0,0,42,still_30s
26.711,-113,711,0,0,42,still_30s
26.782,-113,711,0,0,42,still_30s
26.822,-117,707,0,0,41,still_30s
26.895,-119,704,0,0,40,still_30s
26.966,-119,704,0,0,40,still_30s
27.006,-119,701,0,0,39,still_30s
27.078,-118,699,0,0,39,still_30s
27.150,-118,699,0,0,39,still_30s
27.190,-117,696,0,0,38,still_30s
27.262,-115,696,0,0,38,still_30s
27.335,-115,696,0,0,36,still_30s
27.380,-115,700,0,0,36,still_30s
27.452,-117,705,0,0,35,still_30s
27.530,-117,705,0,0,34,still_30s
27.565,-119,716,0,0,34,still_30s
27.638,-122,731,0,0,34,still_30s
27.711,-122,731,0,0,34,still_30s
27.749,-124,742,0,0,33,still_30s
27.822,-123,748,0,0,34,still_30s
27.894,-120,747,0,0,34,still_30s
27.934,-120,747,0,0,36,still_30s
28.009,-117,743,0,0,38,still_30s
28.080,-112,738,0,0,38,still_30s
28.120,-112,738,0,0,40,still_30s
28.194,-107,733,0,0,42,still_30s
28.266,-104,729,0,0,42,still_30s
28.310,-100,726,0,0,43,still_30s
28.378,-100,726,0,0,43,still_30s
28.451,-97,723,0,0,42,still_30s
28.491,-94,720,0,0,42,still_30s
28.562,-94,720,0,0,42,still_30s
28.635,-92,718,0,0,41,still_30s
28.676,-92,721,0,0,41,still_30s
28.747,-92,721,0,0,41,still_30s
28.822,-92,722,0,0,41,still_30s
28.860,-90,719,0,0,40,still_30s
28.932,-89,717,0,0,39,still_30s
29.004,-89,717,0,0,39,still_30s
29.043,-89,716,0,0,38,still_30s
29.117,-89,713,0,0,39,still_30s
29.188,-89,713,0,0,39,still_30s
29.227,-86,711,0,0,39,still_30s
29.302,-85,706,0,0,39,still_30s
29.372,-85,706,0,0,39,still_30s
29.416,-89,700,0,0,40,still_30s
29.488,-93,694,0,0,40,still_30s
29.561,-93,694,0,0,40,still_30s
29.601,-95,691,0,0,40,still_30s
29.672,-96,688,0,0,40,still_30s
29.744,-96,688,0,0,40,still_30s
29.784,-98,685,0,0,40,still_30s
29.856,-103,684,0,0,40,still_30s
29.929,-103,684,0,0,39,still_30s
29.972,-107,683,0,0,39,still_30s
30.041,-106,686,0,0,39,still_30s
30.113,-106,686,0,0,39,still_30s
30.153,-103,693,0,0,39,still_30s
30.226,-102,699,0,0,39,still_30s
30.299,-107,699,0,0,39,still_30s
30.339,-107,699,0,0,40,still_30s
30.412,-109,699,0,0,41,still_30s
30.485,-112,700,0,0,41,still_30s
30.526,-112,700,0,0,41,still_30s
30.599,-116,700,0,0,42,still_30s
30.671,-120,700,0,0,42,still_30s
30.711,-126,703,0,0,42,still_30s
30.782,-126,703,0,0,42,still_30s
30.855,-136,711,0,0,44,still_30s
30.895,-145,718,0,0,45,still_30s
30.966,-145,718,0,0,45,still_30s
31.039,-152,723,0,0,47,still_30s
31.079,-155,726,0,0,47,still_30s
31.151,-155,726,0,0,49,still_30s
31.224,-152,727,0,0,50,still_30s
31.264,-150,729,0,0,50,still_30s
31.337,-145,727,0,0,51,still_30s
31.409,-145,727,0,0,51,still_30s
31.453,-139,722,0,0,51,still_30s
31.526,-134,717,0,0,51,still_30s
31.598,-134,717,0,0,51,still_30s
31.637,-134,716,0,0,52,still_30s
31.710,-135,718,0,0,51,still_30s
31.782,-135,718,0,0,51,still_30s
31.821,-139,725,0,0,50,still_30s
31.894,-145,733,0,0,49,still_30s
31.965,-145,733,0,0,49,still_30s
32.010,-149,741,0,0,47,still_30s
32.077,-153,745,0,0,47,still_30s
32.150,-153,745,0,0,45,still_30s
32.189,-159,745,0,0,43,still_30s
32.261,-163,743,0,0,43,still_30s
32.334,-163,743,0,0,41,still_30s
32.374,-164,745,0,0,41,still_30s
32.446,-165,746,0,0,40,still_30s
32.519,-166,744,0,0,40,still_30s
32.559,-166,744,0,0,40,still_30s
32.633,-166,744,0,0,39,still_30s
32.715,-165,744,0,0,39,still_30s
32.744,-165,744,0,0,39,still_30s
32.818,-165,744,0,0,39,still_30s
32.891,-163,743,0,0,39,still_30s
32.931,-163,743,0,0,39,still_30s
33.005,-161,741,0,0,39,still_30s
33.076,-154,741,0,0,39,still_30s
33.117,-148,744,0,0,39,still_30s
33.188,-148,744,0,0,39,still_30s
33.260,-144,749,0,0,39,still_30s
33.300,-139,751,0,0,38,still_30s
33.372,-139,751,0,0,38,slow_sweep
33.446,-137,753,0,0,38,slow_sweep
33.491,-134,753,0,0,38,slow_sweep
33.563,-134,752,0,0,38,slow_sweep
33.636,-134,752,0,0,37,slow_sweep
33.675,-135,751,0,0,37,slow_sweep
33.748,-137,752,0,0,37,slow_sweep
33.821,-137,752,0,0,37,slow_sweep
33.861,-138,753,0,0,37,slow_sweep
33.935,-140,755,0,0,37,slow_sweep
34.007,-140,755,0,0,37,slow_sweep
34.048,-140,757,0,0,38,slow_sweep
34.121,-140,757,0,0,40,slow_sweep
34.193,-140,757,0,0,40,slow_sweep
34.233,-144,758,0,0,42,slow_sweep
34.307,-147,758,0,0,44,slow_sweep
34.379,-147,758,0,0,44,slow_sweep
34.419,-145,755,0,0,47,slow_sweep
34.493,-141,753,0,0,49,slow_sweep
34.565,-141,753,0,0,49,slow_sweep
34.605,-136,750,0,0,51,slow_sweep
34.678,-133,750,0,0,51,slow_sweep
34.751,-129,749,0,0,53,slow_sweep
34.791,-129,749,0,0,54,slow_sweep
34.864,-125,746,0,0,54,slow_sweep
34.938,-121,743,0,0,55,slow_sweep
34.977,-121,743,0,0,55,slow_sweep
35.051,-119,741,0,0,55,slow_sweep
35.123,-116,740,0,0,55,slow_sweep
35.164,-114,742,0,0,55,slow_sweep
35.236,-114,742,0,0,54,slow_sweep
35.309,-114,744,0,0,54,slow_sweep
35.349,-116,746,0,0,54,slow_sweep
35.422,-116,746,0,0,55,slow_sweep
35.500,-118,747,0,0,55,slow_sweep
35.539,-121,745,0,0,55,slow_sweep
35.612,-122,744,0,0,55,slow_sweep
35.685,-122,744,0,0,55,slow_sweep
35.724,-122,744,0,0,56,slow_sweep
35.798,-121,744,0,0,56,slow_sweep
35.870,-121,744,0,0,56,slow_sweep
35.910,-119,743,0,0,56,slow_sweep
35.984,-117,745,0,0,56,slow_sweep
36.056,-117,745,0,0,55,slow_sweep
36.097,-111,747,0,0,56,slow_sweep
36.170,-105,751,0,0,56,slow_sweep
36.242,-105,751,0,0,56,slow_sweep
36.289,-100,752,0,0,56,slow_sweep
36.358,-97,748,0,0,56,slow_sweep
36.428,-97,748,0,0,56,slow_sweep
36.472,-95,742,0,0,56,slow_sweep
36.542,-94,738,0,0,57,slow_sweep
36.615,-92,739,0,0,57,slow_sweep
36.654,-92,739,0,0,57,slow_sweep
36.728,-93,738,0,0,57,slow_sweep
36.800,-98,734,0,0,57,slow_sweep
36.840,-98,734,0,0,57,slow_sweep
36.914,-103,732,0,0,57,slow_sweep
36.987,-104,733,0,0,57,slow_sweep
37.033,-105,737,0,0,56,slow_sweep
37.104,-105,737,0,0,56,slow_sweep
37.173,-105,742,0,0,56,slow_sweep
37.212,-107,747,0,0,57,slow_sweep
37.285,-107,747,0,0,57,slow_sweep
37.360,-111,755,0,0,58,slow_sweep
37.399,-114,763,0,0,59,slow_sweep
37.471,-112,763,0,0,59,slow_sweep
37.544,-112,763,0,0,60,slow_sweep
37.589,-107,759,0,0,63,slow_sweep
37.663,-100,753,0,0,63,slow_sweep
37.736,-100,753,0,0,65,slow_sweep
37.775,-96,748,0,0,65,slow_sweep
37.848,-92,744,0,0,67,slow_sweep
37.921,-92,744,0,0,67,slow_sweep
37.961,-84,740,0,0,69,slow_sweep
38.035,-71,735,0,0,69,slow_sweep
38.107,-71,735,0,0,69,slow_sweep
38.147,-58,729,0,0,68,slow_sweep
38.221,-67,720,0,0,66,slow_sweep
38.293,-67,720,0,0,66,slow_sweep
38.333,-74,719,0,0,64,slow_sweep
38.409,-79,720,0,0,61,slow_sweep
38.479,-79,720,0,0,61,slow_sweep
38.519,-82,721,0,0,59,slow_sweep
38.592,-84,722,0,0,57,slow_sweep
38.666,-85,720,0,0,57,slow_sweep
38.705,-85,720,0,0,55,slow_sweep
38.778,-84,717,0,0,55,slow_sweep
38.852,-82,715,0,0,53,slow_sweep
38.892,-82,715,0,0,52,slow_sweep
38.964,-80,712,0,0,52,slow_sweep
39.037,-79,708,0,0,50,slow_sweep
39.077,-76,702,0,0,50,slow_sweep
39.150,-76,702,0,0,49,slow_sweep
39.224,-73,700,0,0,48,slow_sweep
39.264,-75,699,-8,0,48,slow_sweep
39.336,-75,699,-8,0,47,slow_sweep
39.409,-80,703,0,0,47,slow_sweep
39.449,-84,705,0,0,46,slow_sweep
39.525,-89,708,0,0,46,slow_sweep
39.595,-89,708,0,0,46,slow_sweep
39.640,-88,713,0,0,46,slow_sweep
39.714,-87,713,0,0,45,slow_sweep
39.786,-87,713,0,0,45,slow_sweep
39.826,-86,711,0,0,45,slow_sweep
39.900,-85,706,0,0,45,slow_sweep
39.972,-85,706,0,0,45,slow_sweep
40.012,-83,702,0,0,44,slow_sweep
40.086,-81,699,0,0,44,slow_sweep
40.158,-81,699,0,0,44,slow_sweep
40.198,-81,698,0,0,44,slow_sweep
40.271,-82,699,0,0,44,slow_sweep
40.344,-82,699,0,0,44,slow_sweep
40.384,-82,702,0,0,44,slow_sweep
40.458,-82,709,0,0,45,slow_sweep
40.532,-84,716,0,0,46,slow_sweep
40.571,-84,716,0,0,46,slow_sweep
40.645,-87,723,0,0,47,slow_sweep
40.719,-90,731,0,0,47,slow_sweep
40.757,-90,731,0,0,49,slow_sweep
40.831,-89,737,0,0,52,slow_sweep
40.905,-80,743,0,0,52,slow_sweep
40.945,-68,748,0,0,55,slow_sweep
41.017,-68,748,0,0,59,slow_sweep
41.090,-63,751,0,0,59,slow_sweep
41.130,-61,749,0,0,61,slow_sweep
41.203,-61,749,0,0,63,slow_sweep
41.276,-60,746,0,0,63,slow_sweep
41.315,-59,744,0,0,62,slow_sweep
41.390,-56,742,8,0,63,slow_sweep
41.462,-56,742,8,0,63,slow_sweep
41.502,-54,743,0,21,63,slow_sweep
41.575,-55,744,0,21,63,slow_sweep
41.646,-55,744,0,18,63,slow_sweep
41.691,-52,743,0,0,62,slow_sweep
41.763,-45,743,0,0,62,slow_sweep
41.837,-45,743,0,0,60,slow_sweep
41.877,-43,745,-8,0,60,slow_sweep
41.948,-42,746,0,0,60,slow_sweep
42.022,-42,746,0,0,60,slow_sweep
42.060,-47,744,0,0,60,slow_sweep
42.132,-53,742,0,0,59,slow_sweep
42.205,-53,742,0,0,59,slow_sweep
42.255,-59,740,0,0,61,slow_sweep
42.318,-67,730,0,0,63,slow_sweep
42.390,-67,730,0,0,63,slow_sweep
42.427,-65,726,8,0,65,slow_sweep
42.501,-61,725,0,0,66,slow_sweep
42.573,-61,725,0,0,66,slow_sweep
42.614,-52,726,0,0,68,slow_sweep
42.684,-36,728,0,0,68,slow_sweep
42.756,-15,728,0,0,70,slow_sweep
42.797,-15,728,0,0,71,slow_sweep
42.869,43,733,0,0,71,slow_sweep
42.943,57,739,0,0,71,slow_sweep
42.982,57,739,0,0,71,slow_sweep
43.055,55,744,0,0,71,slow_sweep
43.128,53,747,0,0,71,slow_sweep
43.169,55,747,0,0,71,slow_sweep
43.240,55,747,0,0,70,slow_sweep
43.312,54,748,0,0,70,slow_sweep
43.353,48,750,0,0,71,slow_sweep
43.425,48,750,0,0,73,slow_sweep
43.496,44,753,0,0,73,slow_sweep
43.536,40,754,0,0,74,slow_sweep
43.608,40,754,0,0,76,slow_sweep
43.680,36,755,0,0,76,slow_sweep
43.725,35,758,0,0,78,slow_sweep
43.797,41,758,0,0,81,slow_sweep
43.869,41,758,0,0,81,slow_sweep
43.913,51,758,0,0,81,slow_sweep
43.981,56,757,0,0,81,slow_sweep
44.054,56,757,0,19,83,slow_sweep
44.093,45,752,0,0,85,slow_sweep
44.167,36,745,-8,0,85,slow_sweep
44.238,36,745,-8,0,86,slow_sweep
44.278,61,723,0,0,86,slow_sweep
44.350,69,717,8,0,88,slow_sweep
44.423,69,717,8,0,88,slow_sweep
44.463,78,715,8,0,88,slow_sweep
44.535,83,716,-8,0,88,slow_sweep
44.607,83,716,-8,0,88,slow_sweep
44.646,86,716,0,0,88,slow_sweep
44.721,87,717,-8,0,88,slow_sweep
44.791,87,717,-8,0,88,slow_sweep
44.831,82,717,0,0,87,slow_sweep
44.904,75,715,-8,0,85,slow_sweep
44.984,75,715,-8,0,85,slow_sweep
45.015,67,715,0,0,81,slow_sweep
45.091,29,719,8,0,81,slow_sweep
45.160,-23,729,8,0,81,slow_sweep
45.200,-23,729,8,0,77,slow_sweep
45.272,-122,752,0,0,77,slow_sweep
45.345,-170,765,0,0,79,slow_sweep
45.385,-170,765,0,0,79,slow_sweep
45.458,-155,768,0,0,76,slow_sweep
45.536,-137,777,0,0,76,slow_sweep
45.571,-131,779,0,0,76,slow_sweep
45.643,-131,779,0,0,74,slow_sweep
45.721,-131,780,0,0,74,slow_sweep
45.760,-131,781,0,0,73,slow_sweep
45.835,-131,781,0,0,73,slow_sweep
45.904,-130,778,0,0,73,slow_sweep
45.944,-129,777,0,0,73,slow_sweep
46.017,-125,775,0,0,73,slow_sweep
46.089,-125,775,0,0,73,slow_sweep
46.128,-119,772,0,0,74,slow_sweep
46.200,-120,769,0,0,74,slow_sweep
46.273,-120,769,0,0,74,slow_sweep
46.312,-116,765,0,0,72,slow_sweep
46.385,-113,761,0,0,72,slow_sweep
46.457,-113,761,0,0,69,slow_sweep
46.497,-112,758,0,0,69,slow_sweep
46.569,-108,756,0,0,69,slow_sweep
46.641,-108,756,0,0,68,slow_sweep
46.681,-107,755,-8,0,68,slow_sweep
46.753,-106,760,-8,0,68,slow_sweep
46.826,-106,760,-8,0,67,slow_sweep
46.866,-109,763,-8,0,67,slow_sweep
46.940,-116,764,-8,0,68,slow_sweep
47.011,-116,764,-8,0,68,slow_sweep
47.050,-125,766,-8,0,71,slow_sweep
47.125,-127,764,0,0,71,slow_sweep
47.195,-127,764,0,0,71,slow_sweep
47.234,-127,763,0,0,73,slow_sweep
47.307,-132,759,-8,0,73,slow_sweep
47.379,-132,759,-8,0,73,slow_sweep
47.418,-133,757,0,0,71,slow_sweep
47.491,-130,755,0,0,72,slow_sweep
47.564,-128,753,0,0,72,slow_sweep
47.604,-128,753,0,0,71,slow_sweep
47.677,-129,748,0,0,71,slow_sweep
47.750,-127,743,0,0,69,slow_sweep
47.796,-122,740,0,0,70,slow_sweep
47.867,-122,740,0,0,70,slow_sweep
47.940,-115,739,0,0,69,slow_sweep
47.980,-104,739,0,0,69,slow_sweep
48.056,-104,739,0,0,67,slow_sweep
48.124,-92,738,8,0,66,slow_sweep
48.165,-78,737,0,0,66,slow_sweep
48.238,-68,738,0,0,67,slow_sweep
48.310,-68,738,0,0,67,slow_sweep
48.354,-32,736,0,0,66,slow_sweep
48.423,-8,733,0,0,67,slow_sweep
48.494,-8,733,0,0,67,slow_sweep
48.535,-2,730,0,0,66,slow_sweep
48.607,6,726,0,0,66,slow_sweep
48.678,6,726,0,0,66,slow_sweep
48.717,14,726,0,0,64,slow_sweep
48.793,23,731,0,0,62,slow_sweep
48.863,23,731,0,0,62,slow_sweep
48.903,37,737,0,0,61,slow_sweep
48.975,81,743,0,0,61,slow_sweep
49.048,81,743,0,0,61,slow_sweep
49.086,114,738,0,0,61,slow_sweep
49.159,128,712,0,0,59,slow_sweep
49.232,128,712,0,0,60,slow_sweep
49.272,124,686,0,0,60,slow_sweep
49.344,103,669,0,0,59,slow_sweep
49.417,103,669,0,0,59,slow_sweep
49.456,92,648,0,0,58,slow_sweep
49.531,62,638,0,0,59,slow_sweep
49.600,62,638,0,0,59,slow_sweep
49.640,63,657,0,0,58,slow_sweep
49.713,76,663,0,0,59,slow_sweep
49.785,86,673,0,0,59,slow_sweep
49.830,86,673,0,0,59,slow_sweep
49.903,95,693,0,0,60,slow_sweep
49.975,114,712,8,0,60,slow_sweep
50.015,114,712,8,0,59,slow_sweep
50.088,123,727,8,0,59,slow_sweep
50.160,114,733,0,16,59,slow_sweep
50.201,92,734,8,0,59,slow_sweep
50.272,92,734,8,0,59,slow_sweep
50.344,81,730,-8,0,60,slow_sweep
50.384,72,725,0,0,60,slow_sweep
50.455,72,725,0,0,62,slow_sweep
50.528,62,718,0,0,63,slow_sweep
50.569,61,714,0,0,63,slow_sweep
50.642,75,709,8,0,64,slow_sweep
50.714,75,709,8,0,64,slow_sweep
50.753,83,710,8,25,65,slow_sweep
50.826,90,712,0,0,65,slow_sweep
50.897,90,712,0,0,65,slow_sweep
50.937,103,713,8,0,66,slow_sweep
51.010,110,714,-8,0,65,slow_sweep
51.081,110,714,-8,0,65,slow_sweep
51.121,113,715,0,0,67,slow_sweep
51.194,115,715,0,0,67,slow_sweep
51.266,115,715,0,0,67,slow_sweep
51.305,114,714,0,0,67,slow_sweep
51.378,105,710,0,0,67,slow_sweep
51.449,105,710,0,0,67,slow_sweep
51.489,97,707,0,0,66,slow_sweep
51.561,87,703,-8,0,66,slow_sweep
51.633,87,703,-8,0,65,slow_sweep
51.673,78,702,-8,0,65,slow_sweep
51.746,70,703,-8,22,67,slow_sweep
51.818,70,703,-8,22,67,slow_sweep
51.864,61,704,-8,0,66,slow_sweep
51.936,51,702,-8,0,67,slow_sweep
52.008,44,701,-8,0,67,slow_sweep
52.047,44,701,-8,0,69,slow_sweep
52.120,35,697,-8,0,69,slow_sweep
52.193,31,695,0,0,69,slow_sweep
52.232,31,695,0,0,69,slow_sweep
52.305,26,695,0,0,71,slow_sweep
52.377,13,700,0,0,71,slow_sweep
52.418,13,700,0,0,70,slow_sweep
52.490,-4,706,0,0,71,slow_sweep
52.575,-47,721,0,0,71,slow_sweep
52.602,-52,730,0,0,72,quick_points
52.676,-52,730,0,0,72,quick_points
52.749,-53,732,0,0,74,quick_points
52.788,-50,731,0,0,74,quick_points
52.861,-50,731,0,0,76,quick_points
52.934,-44,726,0,0,76,quick_points
52.974,-37,721,-8,0,76,quick_points
53.048,-37,721,0,0,77,quick_points
53.120,-37,721,0,0,77,quick_points
53.160,-34,720,-8,0,76,quick_points
53.234,-36,720,-8,0,76,quick_points
53.306,-36,720,-8,0,76,quick_points
53.346,-43,717,-8,0,76,quick_points
53.420,-47,714,-8,0,76,quick_points
53.496,-47,714,-8,0,76,quick_points
53.532,-48,708,0,0,75,quick_points
53.606,-45,704,-8,0,77,quick_points
53.678,-45,704,-8,0,77,quick_points
53.718,-40,703,0,0,76,quick_points
53.792,-33,703,0,0,76,quick_points
53.864,-33,703,0,0,76,quick_points
53.909,-27,703,0,0,74,quick_points
53.982,-20,697,0,0,74,quick_points
54.056,-19,690,-8,0,73,quick_points
54.095,-19,690,-8,0,74,quick_points
54.168,-22,684,-8,0,74,quick_points
54.242,-22,678,-8,0,73,quick_points
54.283,-22,678,-8,0,73,quick_points
54.355,-18,675,0,0,73,quick_points
54.429,-13,679,0,0,70,quick_points
54.470,-11,682,0,0,70,quick_points
54.542,-11,682,0,0,70,quick_points
54.615,-16,680,-8,0,70,quick_points
54.656,-22,679,-8,0,66,quick_points
54.727,-22,679,-8,0,66,quick_points
54.800,-25,678,0,0,66,quick_points
54.840,-27,683,-8,0,64,quick_points
54.913,-27,685,0,0,64,quick_points
54.985,-27,685,0,0,64,quick_points
55.025,-29,687,0,0,64,quick_points
55.097,-36,689,0,0,63,quick_points
55.169,-36,689,0,0,63,quick_points
55.210,-46,688,0,0,63,quick_points
55.282,-54,689,0,0,63,quick_points
55.355,-54,689,0,0,64,quick_points
55.396,-52,690,0,0,64,quick_points
55.467,-46,690,0,0,64,quick_points
55.540,-46,690,0,0,64,quick_points
55.580,-39,687,0,0,64,quick_points
55.655,-34,685,0,0,67,quick_points
55.727,-34,685,0,0,68,quick_points
55.766,-32,688,0,0,68,quick_points
55.838,-33,694,0,0,81,quick_points
55.911,-33,694,0,0,81,quick_points
55.958,-39,699,0,0,82,quick_points
56.029,-43,700,0,0,81,quick_points
56.101,-43,700,0,0,81,quick_points
56.141,-42,700,0,0,68,quick_points
56.215,-35,699,0,0,67,quick_points
56.287,-26,700,0,0,67,quick_points
56.326,-26,700,0,0,65,quick_points
56.400,-15,697,0,0,66,quick_points
56.473,-4,692,0,0,66,quick_points
56.513,-4,692,0,0,65,quick_points
56.586,0,687,0,0,65,quick_points
56.659,10,685,0,0,64,quick_points
56.700,17,685,0,0,61,quick_points
56.771,17,685,0,0,61,quick_points
56.843,26,683,0,0,62,quick_points
56.884,33,683,0,0,62,quick_points
56.957,33,683,0,0,65,quick_points
57.030,34,686,0,0,64,quick_points
57.070,32,689,0,0,64,quick_points
57.144,35,691,0,0,65,quick_points
57.216,35,691,0,0,65,quick_points
57.256,42,694,0,0,67,quick_points
57.329,52,697,0,0,68,quick_points
57.401,52,697,0,0,68,quick_points
57.439,73,702,0,0,68,quick_points
57.513,91,696,0,0,68,quick_points
57.584,91,696,0,0,68,quick_points
57.624,111,691,0,0,67,quick_points
57.697,127,682,0,0,67,quick_points
57.768,127,682,0,0,67,quick_points
57.809,136,669,0,0,67,quick_points
57.882,138,655,0,0,67,ellipse
57.955,138,655,0,0,67,ellipse
58.001,137,641,0,0,66,ellipse
58.074,136,626,0,0,66,ellipse
58.147,136,626,0,0,64,ellipse
58.186,135,613,0,0,64,ellipse
58.259,145,604,0,0,65,ellipse
58.333,165,601,0,0,63,ellipse
58.372,165,601,0,0,63,ellipse
58.445,192,601,0,0,63,ellipse
58.520,226,598,0,0,63,ellipse
58.558,226,598,0,0,63,ellipse
58.631,250,593,0,0,63,ellipse
58.704,259,590,0,0,63,ellipse
58.744,268,591,0,0,61,ellipse
58.817,268,591,0,0,61,ellipse
58.890,287,585,0,0,61,ellipse
58.935,300,583,0,0,60,ellipse
59.003,300,583,0,0,59,ellipse
59.076,294,581,0,0,59,ellipse
59.116,285,576,0,0,57,ellipse
59.190,274,568,0,0,55,ellipse
59.262,274,568,0,0,55,ellipse
59.302,263,559,0,0,54,ellipse
59.375,267,553,-8,0,54,ellipse
59.448,267,553,-8,0,54,ellipse
59.488,273,550,8,0,54,ellipse
59.562,284,566,0,0,52,ellipse
59.634,284,566,0,0,50,ellipse
59.674,296,582,0,0,50,ellipse
59.748,287,590,0,0,46,ellipse
59.820,287,590,0,0,46,ellipse
59.860,281,591,0,0,44,ellipse
59.933,278,592,0,0,41,ellipse
60.007,278,592,0,0,41,ellipse
60.052,278,589,0,0,40,ellipse
60.126,284,588,0,0,39,ellipse
60.203,288,586,0,0,39,ellipse
60.238,288,586,0,0,39,ellipse
60.311,290,586,0,0,39,ellipse
60.384,293,588,0,0,39,ellipse
60.424,293,588,0,0,37,ellipse
60.497,296,591,0,0,36,ellipse
60.571,301,592,0,0,36,ellipse
60.614,310,592,0,0,35,ellipse
60.683,310,592,0,0,35,ellipse
60.758,317,591,0,0,35,ellipse
60.797,322,588,0,0,33,ellipse
60.869,322,588,0,0,33,ellipse
60.942,328,585,0,0,31,ellipse
60.984,338,584,0,0,31,ellipse
61.055,348,583,0,0,64,ellipse
61.128,348,583,0,0,24,ellipse
61.168,359,582,0,0,24,ellipse
61.241,369,581,0,0,25,ellipse
61.314,369,581,0,0,25,ellipse
61.354,373,582,0,0,25,ellipse
61.427,370,592,0,0,26,ellipse
61.500,370,592,0,0,26,ellipse
61.543,366,602,0,0,60,ellipse
61.613,372,597,0,0,32,ellipse
61.685,372,597,0,0,32,ellipse
61.726,377,592,0,0,33,ellipse
61.800,380,589,0,0,34,ellipse
61.872,380,589,0,0,34,ellipse
61.912,381,590,0,0,35,ellipse
61.985,380,593,0,0,35,ellipse
62.058,380,593,0,0,36,ellipse
62.107,374,601,0,0,37,ellipse
62.186,368,609,0,0,37,ellipse
62.249,370,608,0,0,38,ellipse
62.288,370,608,0,0,38,ellipse
62.361,371,607,0,0,38,ellipse
62.435,377,604,0,0,39,ellipse
62.476,383,602,0,0,39,ellipse
62.549,383,602,0,0,40,ellipse
62.622,380,606,0,0,41,ellipse
62.662,372,609,0,0,41,ellipse
62.735,372,609,0,0,41,ellipse
62.808,361,607,0,0,41,ellipse
62.848,354,603,0,0,41,ellipse
62.921,349,602,0,0,41,ellipse
62.994,349,602,0,0,41,ellipse
63.034,342,599,0,0,42,ellipse
63.120,330,595,0,0,43,fwd_back
63.181,330,595,0,0,43,fwd_back
63.221,312,594,0,0,46,fwd_back
63.297,246,599,0,0,51,fwd_back
63.368,246,599,0,0,51,fwd_back
63.408,172,609,0,0,53,fwd_back
63.481,111,620,0,0,53,fwd_back
63.554,111,620,0,0,56,fwd_back
63.594,73,615,0,0,60,fwd_back
63.668,70,610,0,0,60,fwd_back
63.740,70,610,0,0,64,fwd_back
63.783,68,603,0,0,64,fwd_back
63.853,65,598,0,0,67,fwd_back
63.926,65,598,0,0,70,fwd_back
63.966,60,600,0,0,70,fwd_back
64.040,57,606,0,0,72,fwd_back
64.117,55,611,0,0,72,fwd_back
64.156,55,611,0,0,75,fwd_back
64.230,56,605,0,0,78,fwd_back
64.303,57,600,0,0,78,fwd_back
64.343,57,600,0,0,81,fwd_back
64.416,60,597,0,0,83,fwd_back
64.490,61,593,0,0,83,fwd_back
64.530,63,590,0,0,84,fwd_back
64.602,63,590,0,0,85,fwd_back
64.676,65,584,0,0,85,fwd_back
64.715,68,581,0,0,86,fwd_back
64.787,68,581,0,0,86,fwd_back
64.861,72,580,0,0,86,fwd_back
64.902,71,580,0,0,87,fwd_back
64.974,64,577,0,0,87,fwd_back
65.047,64,577,0,0,87,fwd_back
65.087,56,577,0,0,87,fwd_back
65.160,50,576,0,0,87,fwd_back
65.233,50,576,0,0,85,fwd_back
65.272,49,574,0,0,85,fwd_back
65.346,51,571,0,0,83,fwd_back
65.419,51,571,0,0,83,fwd_back
65.459,53,569,0,0,81,fwd_back
65.532,54,568,0,0,80,fwd_back
65.604,54,568,0,0,80,fwd_back
65.644,57,573,0,0,80,fwd_back
65.717,61,576,0,0,79,fwd_back
65.788,61,576,0,0,79,fwd_back
65.829,65,580,0,0,78,fwd_back
65.902,70,583,0,0,78,fwd_back
65.974,70,583,0,0,78,fwd_back
66.014,74,585,0,0,79,fwd_back
66.092,79,585,0,0,81,fwd_back
66.164,83,585,0,0,81,fwd_back
66.204,83,585,0,0,81,fwd_back
66.281,85,588,0,0,81,fwd_back
66.352,90,590,0,0,81,fwd_back
66.391,90,590,0,0,82,fwd_back
66.464,94,592,0,0,82,fwd_back
66.536,98,595,0,0,83,fwd_back
66.580,100,592,0,0,83,fwd_back
66.649,100,592,0,0,83,fwd_back
66.722,105,589,8,0,84,fwd_back
66.762,112,586,0,0,84,fwd_back
66.835,112,586,0,0,85,fwd_back
66.910,115,581,8,0,85,fwd_back
66.948,116,577,8,0,86,fwd_back
67.021,115,573,8,0,86,fwd_back
67.093,115,573,8,0,86,fwd_back
67.132,112,570,8,0,87,fwd_back
67.206,110,569,0,0,86,fwd_back
67.277,110,569,0,0,86,fwd_back
67.318,112,572,0,0,84,fwd_back
67.391,116,576,0,0,82,fwd_back
67.463,116,576,0,0,82,fwd_back
67.503,118,579,0,0,80,fwd_back
67.575,117,580,0,0,80,fwd_back
67.648,117,580,0,0,77,fwd_back
67.688,114,577,0,0,77,fwd_back
67.761,111,573,0,0,74,fwd_back
67.835,111,573,0,0,71,fwd_back
67.874,109,573,0,0,71,fwd_back
67.948,112,572,0,0,69,fwd_back
68.020,112,572,0,0,69,fwd_back
68.060,115,571,0,0,68,fwd_back
68.138,116,570,0,0,66,fwd_back
68.211,116,566,0,0,66,fwd_back
68.252,116,566,0,0,63,fwd_back
68.324,113,565,0,0,59,head_only
68.398,111,562,0,0,59,head_only
68.437,111,562,0,0,57,head_only
68.510,109,562,0,0,57,head_only
68.584,105,567,0,0,57,head_only
68.623,94,575,-8,0,57,head_only
68.696,94,575,-8,0,56,head_only
68.769,81,586,-8,0,56,head_only
68.809,71,595,0,0,58,head_only
68.882,71,595,0,0,58,head_only
68.955,81,591,0,0,59,head_only
68.995,95,587,0,0,60,head_only
69.069,105,585,0,0,60,head_only
69.142,105,585,0,0,61,head_only
69.181,110,582,0,0,61,head_only
69.254,111,582,0,0,63,head_only
69.327,111,582,0,0,65,head_only
69.366,113,583,0,0,65,head_only
69.446,111,582,0,0,66,head_only
69.512,111,582,0,0,66,head_only
69.559,106,584,0,0,68,head_only
69.626,95,586,0,0,70,head_only
69.698,95,586,0,0,70,head_only
69.739,80,588,0,0,72,head_only
69.813,71,589,0,0,73,head_only
69.885,71,589,0,0,73,head_only
69.925,84,590,0,0,75,head_only
69.999,97,592,0,0,76,head_only
70.071,97,592,0,0,76,head_only
70.111,106,596,0,0,75,head_only
70.189,113,595,0,0,75,head_only
70.263,118,593,0,0,75,head_only
70.302,118,593,0,0,74,head_only
70.375,118,591,0,0,74,head_only
70.449,116,589,0,0,74,head_only
70.489,112,592,0,0,74,head_only
70.562,112,592,0,0,74,head_only
70.634,109,594,0,0,74,head_only
70.674,109,593,0,0,74,head_only
70.747,109,593,0,0,73,head_only
70.820,113,592,0,0,73,head_only
70.859,116,588,0,0,73,head_only
70.935,121,583,0,0,72,head_only
71.006,121,583,0,0,72,head_only
71.045,125,579,0,0,69,head_only
71.119,124,576,0,0,68,head_only
71.192,124,576,0,0,68,head_only
71.233,127,573,0,0,66,head_only
71.306,134,575,0,0,63,head_only
71.378,134,575,0,0,63,head_only
71.421,139,579,0,0,62,head_only
71.493,142,584,0,0,61,head_only
71.565,142,584,0,0,61,head_only
71.605,150,593,0,0,61,head_only
71.678,155,606,-8,0,61,head_only
71.751,155,606,-8,0,61,head_only
71.793,160,637,0,0,61,head_only
71.868,170,654,0,0,61,head_only
71.938,170,654,0,0,60,head_only
71.977,220,639,0,0,60,head_only
72.050,269,617,0,0,59,head_only
72.124,268,620,0,0,58,head_only
72.164,268,620,0,0,58,head_only
72.242,263,617,0,0,58,head_only
72.315,256,612,8,0,58,head_only
72.355,248,608,8,0,59,head_only
72.429,248,608,8,0,59,head_only
72.501,243,603,0,0,59,head_only
72.541,241,598,0,0,60,head_only
72.614,241,598,0,0,60,head_only
72.687,238,591,0,0,60,head_only
72.727,237,585,0,0,61,head_only
72.800,236,582,0,0,60,head_only
72.873,236,582,0,0,60,head_only
72.912,233,582,0,0,59,head_only
72.986,230,577,0,0,59,head_only
73.059,230,577,0,0,58,head_only
73.100,223,571,0,0,58,head_only
73.173,212,568,0,0,58,head_only
73.244,212,568,0,0,56,head_only
73.285,199,571,0,0,56,head_only
73.359,189,577,0,0,55,head_only
73.431,189,577,0,0,53,head_only
73.472,181,583,0,0,53,head_only
73.544,177,590,0,0,51,natural_typing
73.617,177,590,0,0,51,natural_typing
73.657,175,601,0,0,49,natural_typing
73.731,179,613,0,0,47,natural_typing
73.803,179,613,0,0,47,natural_typing
73.843,192,628,0,0,46,natural_typing
73.917,229,674,0,0,43,natural_typing
73.990,216,711,0,0,43,natural_typing
74.029,216,711,0,0,41,natural_typing
74.102,182,733,0,0,38,natural_typing
74.176,132,743,0,0,38,natural_typing
74.215,132,743,0,0,37,natural_typing
74.293,51,741,0,0,37,natural_typing
74.366,25,738,0,0,37,natural_typing
74.407,-14,718,0,0,35,natural_typing
74.479,-14,718,0,0,35,natural_typing
74.552,-27,698,0,0,34,natural_typing
74.592,17,702,0,0,34,natural_typing
74.665,17,702,0,0,34,natural_typing
74.738,82,708,0,0,33,natural_typing
74.777,142,710,0,0,33,natural_typing
74.851,94,707,0,0,33,natural_typing
74.924,94,707,0,0,81,natural_typing
74.965,71,703,-8,0,81,natural_typing
75.038,46,688,0,0,82,natural_typing
75.110,46,688,0,0,82,natural_typing
75.150,24,674,0,0,83,natural_typing
75.224,40,673,0,0,84,natural_typing
75.296,40,673,0,0,84,natural_typing
75.336,53,672,0,0,85,natural_typing
75.409,84,673,0,0,85,natural_typing
75.481,84,673,0,0,85,natural_typing
75.522,99,677,0,0,85,natural_typing
75.596,132,693,0,0,85,natural_typing
75.670,132,693,0,0,85,natural_typing
75.709,162,706,0,0,86,natural_typing
75.783,184,710,-8,0,86,natural_typing
75.855,184,710,-8,0,86,natural_typing
75.895,167,697,-8,0,87,natural_typing
75.968,149,670,0,0,87,natural_typing
76.041,139,642,-8,0,89,natural_typing
76.081,139,642,-8,0,89,natural_typing
76.154,138,628,-8,0,89,natural_typing
76.228,142,616,-8,0,88,natural_typing
76.267,142,616,-8,0,88,natural_typing
76.346,129,613,0,0,89,natural_typing
76.418,129,612,0,0,89,natural_typing
76.457,131,610,0,0,89,natural_typing
76.531,131,610,0,0,88,natural_typing
76.604,136,608,0,0,88,natural_typing
76.644,146,606,0,0,87,natural_typing
76.718,175,600,0,0,88,natural_typing
76.791,175,600,0,0,88,natural_typing
76.831,237,596,0,0,90,natural_typing
76.905,351,604,0,0,91,natural_typing
76.977,351,604,0,0,91,natural_typing
77.019,362,633,0,0,92,natural_typing
77.090,360,651,0,0,94,natural_typing
77.164,360,651,0,0,94,natural_typing
77.204,350,664,0,0,95,natural_typing
77.277,353,665,0,0,95,natural_typing
77.350,353,665,0,0,97,natural_typing
77.390,346,662,0,18,97,natural_typing
77.463,299,645,0,18,97,natural_typing
77.536,299,645,0,0,97,natural_typing
77.576,284,642,0,0,97,natural_typing
77.649,248,636,0,0,96,natural_typing
77.723,248,636,0,0,96,natural_typing
77.762,223,631,0,0,96,natural_typing
77.835,216,632,0,0,96,natural_typing
77.908,211,631,0,0,96,natural_typing
77.948,211,631,0,0,93,natural_typing
78.021,208,626,0,0,91,natural_typing
78.095,203,620,0,0,91,natural_typing
78.134,203,620,0,0,89,natural_typing
78.207,199,609,0,0,87,natural_typing
78.280,194,579,0,0,87,natural_typing
78.321,208,573,0,0,86,natural_typing
78.398,208,573,0,0,84,natural_typing
78.471,220,566,0,0,84,natural_typing
78.511,253,558,0,0,83,natural_typing
78.584,293,552,0,0,83,natural_typing
78.657,293,552,0,0,81,natural_typing
78.697,330,546,0,0,50,natural_typing
78.770,355,540,0,0,50,natural_typing
